#
# There is insufficient memory for the Java Runtime Environment to continue.
# Native memory allocation (mmap) failed to map 381681664 bytes. Error detail: G1 virtual space
# Possible reasons:
#   The system is out of physical RAM or swap space
#   This process is running with CompressedOops enabled, and the Java Heap may be blocking the growth of the native heap
# Possible solutions:
#   Reduce memory load on the system
#   Increase physical memory or swap space
#   Check if swap backing store is full
#   Decrease Java heap size (-Xmx/-Xms)
#   Decrease number of Java threads
#   Decrease Java thread stack sizes (-Xss)
#   Set larger code cache with -XX:ReservedCodeCacheSize=
#   JVM is running with Zero Based Compressed Oops mode in which the Java heap is
#     placed in the first 32GB address space. The Java Heap base address is the
#     maximum limit for the native heap growth. Please use -XX:HeapBaseMinAddress
#     to set the Java Heap base and to place the Java Heap above 32GB virtual address.
# This output file may be truncated or incomplete.
#
#  Out of Memory Error (os_windows.cpp:3618), pid=35776, tid=15216
#
# JRE version: OpenJDK Runtime Environment Temurin-17.0.15+6 (17.0.15+6) (build 17.0.15+6)
# Java VM: OpenJDK 64-Bit Server VM Temurin-17.0.15+6 (17.0.15+6, mixed mode, sharing, tiered, compressed oops, compressed class ptrs, g1 gc, windows-amd64)
# No core dump will be written. Minidumps are not enabled by default on client versions of Windows
#

---------------  S U M M A R Y ------------

Command Line: --add-opens=java.base/java.lang=ALL-UNNAMED --add-opens=java.base/java.lang.invoke=ALL-UNNAMED --add-opens=java.base/java.util=ALL-UNNAMED --add-opens=java.prefs/java.util.prefs=ALL-UNNAMED --add-exports=jdk.compiler/com.sun.tools.javac.api=ALL-UNNAMED --add-exports=jdk.compiler/com.sun.tools.javac.util=ALL-UNNAMED --add-opens=java.base/java.util=ALL-UNNAMED --add-opens=java.prefs/java.util.prefs=ALL-UNNAMED --add-opens=java.base/java.nio.charset=ALL-UNNAMED --add-opens=java.base/java.net=ALL-UNNAMED --add-opens=java.base/java.util.concurrent.atomic=ALL-UNNAMED --add-opens=java.xml/javax.xml.namespace=ALL-UNNAMED -XX:MaxMetaspaceSize=4G -XX:ReservedCodeCacheSize=512m -XX:+HeapDumpOnOutOfMemoryError -Xmx8G -Dfile.encoding=windows-1252 -Duser.country=US -Duser.language=en -Duser.variant -javaagent:C:\Users\wyeeb\.gradle\wrapper\dists\gradle-8.12-all\ejduaidbjup3bmmkhw3rie4zb\gradle-8.12\lib\agents\gradle-instrumentation-agent-8.12.jar org.gradle.launcher.daemon.bootstrap.GradleDaemon 8.12

Host: AMD Ryzen 7 5700X3D 8-Core Processor           , 16 cores, 31G,  Windows 11 , 64 bit Build 26100 (10.0.26100.8328)
Time: Thu May 21 01:43:51 2026 E. South America Standard Time elapsed time: 5777.539088 seconds (0d 1h 36m 17s)

---------------  T H R E A D  ---------------

Current thread (0x00000235ffbe3410):  VMThread "VM Thread" [stack: 0x0000005d60200000,0x0000005d60300000] [id=15216]

Stack: [0x0000005d60200000,0x0000005d60300000]
Native frames: (J=compiled Java code, j=interpreted, Vv=VM code, C=native code)
V  [jvm.dll+0x682fc9]
V  [jvm.dll+0x839878]
V  [jvm.dll+0x83b323]
V  [jvm.dll+0x83b993]
V  [jvm.dll+0x24725f]
V  [jvm.dll+0x67fda9]
V  [jvm.dll+0x674c9a]
V  [jvm.dll+0x304d06]
V  [jvm.dll+0x30c1c6]
V  [jvm.dll+0x35dd4e]
V  [jvm.dll+0x35df8d]
V  [jvm.dll+0x2dc0cc]
V  [jvm.dll+0x2da46f]
V  [jvm.dll+0x2d9bdc]
V  [jvm.dll+0x31d3bb]
V  [jvm.dll+0x8401cd]
V  [jvm.dll+0x840f03]
V  [jvm.dll+0x84142f]
V  [jvm.dll+0x841814]
V  [jvm.dll+0x8418de]
V  [jvm.dll+0x7e94dc]
V  [jvm.dll+0x681ea7]
C  [ucrtbase.dll+0x37b0]
C  [KERNEL32.DLL+0x2e957]
C  [ntdll.dll+0x427c]

VM_Operation (0x0000005d70ffe170): G1CollectForAllocation, mode: safepoint, requested by thread 0x0000023664e3f9c0


---------------  P R O C E S S  ---------------

Threads class SMR info:
_java_thread_list=0x00000236674beda0, length=270, elements={
0x00000235f8f14680, 0x00000235ffbe43d0, 0x00000235fcd11a80, 0x00000235fcd2e980,
0x00000235ffbe5390, 0x00000235ffbe5c60, 0x00000235ffbe6530, 0x00000235ffbeabc0,
0x00000235ffbfe510, 0x00000235ffc12a30, 0x00000235ffcfc820, 0x00000235ffe7d340,
0x00000236468ddfa0, 0x0000023645865d10, 0x0000023646107df0, 0x00000236471a76b0,
0x00000236471a8af0, 0x00000236471a9000, 0x00000236471a9a20, 0x0000023649706ad0,
0x0000023649709350, 0x000002364a20fde0, 0x00000236482d2ff0, 0x000002364601a7d0,
0x000002364601bc10, 0x000002364601c120, 0x000002364601cb40, 0x000002364601d050,
0x00000236460198a0, 0x00000236460202f0, 0x000002364601f8d0, 0x0000023646020800,
0x0000023655ed6040, 0x0000023655eda210, 0x0000023666701870, 0x0000023666701d80,
0x00000236667027a0, 0x00000236538c7c50, 0x0000023666a7b960, 0x0000023666a7dcd0,
0x0000023666a7af40, 0x0000023656589160, 0x000002365658a090, 0x0000023656587d20,
0x0000023664b6c090, 0x0000023664b6e910, 0x0000023664b6cab0, 0x0000023664b6ee20,
0x0000023664b6cfc0, 0x0000023664b6f330, 0x0000023664b6d4d0, 0x0000023664b6e400,
0x0000023656588230, 0x0000023656588740, 0x000002365658aab0, 0x00000236538c6d20,
0x00000236538c6300, 0x00000236538c95a0, 0x00000236538c8160, 0x00000236538c6810,
0x00000236538c7230, 0x00000236538c9090, 0x00000236538c8670, 0x00000236538c8b80,
0x0000023667084800, 0x000002364565d9b0, 0x000002364565c060, 0x000002364565e8e0,
0x000002364565ca80, 0x000002364565cf90, 0x000002364565f810, 0x000002364565f300,
0x000002364565d4a0, 0x000002364565dec0, 0x000002364565e3d0, 0x00000236480ebcd0,
0x00000236480ec1e0, 0x00000236480ec6f0, 0x00000236480ecc00, 0x00000236689e3810,
0x00000236689e19b0, 0x00000236689e0060, 0x00000236689e0f90, 0x00000236689e1ec0,
0x00000236689e14a0, 0x00000236689e23d0, 0x00000236689e28e0, 0x00000236689e3300,
0x000002366506abf0, 0x00000236650692a0, 0x00000236650697b0, 0x000002366506a1d0,
0x000002364b081bd0, 0x000002364b0811b0, 0x00000236538c7740, 0x00000236538c5df0,
0x0000023666d7d260, 0x0000023666d7b910, 0x0000023666d7c840, 0x0000023666d7be20,
0x0000023666d7c330, 0x0000023666d7cd50, 0x0000023664651a90, 0x0000023664651580,
0x0000023664651fa0, 0x00000236646524b0, 0x0000023654caa8f0, 0x0000023654cab310,
0x0000023654ca8070, 0x0000023654ca99c0, 0x0000023654ca8fa0, 0x0000023654ca8580,
0x0000023664b6d9e0, 0x0000023664b6def0, 0x0000023664b6f840, 0x0000023667d813c0,
0x0000023667d7e120, 0x0000023667d7ff80, 0x0000023667d7e630, 0x0000023667d7eb40,
0x0000023667d80490, 0x0000023667d7f560, 0x0000023667d7fa70, 0x00000236708f5450,
0x00000236708f4f40, 0x00000236708f5e70, 0x00000236708f4520, 0x0000023654ca8a90,
0x0000023654ca9ed0, 0x0000023654caae00, 0x0000023666a7be70, 0x0000023666a7c380,
0x0000023666a7c890, 0x0000023666a7d2b0, 0x0000023666a7cda0, 0x0000023666a7a520,
0x0000023666a7d7c0, 0x0000023666a7aa30, 0x00000236456742e0, 0x0000023645675c30,
0x00000236456747f0, 0x0000023645672990, 0x0000023668665630, 0x0000023668665b40,
0x0000023668666050, 0x0000023668ba3230, 0x0000023668ba5090, 0x0000023668ba55a0,
0x0000023668ba5ab0, 0x0000023668ba4160, 0x0000023668ba3c50, 0x0000023668ba4b80,
0x0000023668ba3740, 0x0000023668ba2300, 0x0000023668ba2d20, 0x0000023668ba2810,
0x0000023668b8fc60, 0x0000023654ca94b0, 0x0000023654caa3e0, 0x00000236644599f0,
0x0000023664457170, 0x0000023664456750, 0x0000023664457b90, 0x00000236644580a0,
0x00000236644585b0, 0x0000023664458ac0, 0x00000236638d6020, 0x000002366395aeb0,
0x000002366395c800, 0x000002366395a9a0, 0x0000023663959050, 0x000002366395bde0,
0x000002366395a490, 0x000002366395c2f0, 0x0000023664651070, 0x00000236646529c0,
0x0000023666701360, 0x0000023655819470, 0x000002365581a8b0, 0x0000023655819980,
0x0000023655819e90, 0x000002365581b2d0, 0x000002365581b7e0, 0x000002365581cc20,
0x000002365581adc0, 0x000002365581c710, 0x000002365581a3a0, 0x000002365581bcf0,
0x000002365581c200, 0x0000023668b8de00, 0x0000023668b90680, 0x0000023668b90b90,
0x0000023668b8ed30, 0x0000023668b8f750, 0x0000023668b910a0, 0x0000023668b90170,
0x0000023668b8d8f0, 0x0000023668b8e310, 0x0000023668b8e820, 0x0000023668b8f240,
0x0000023668ba4670, 0x000002365164e230, 0x000002365164dd20, 0x00000236463d04b0,
0x00000236451be7c0, 0x00000236451bfc00, 0x00000236451c0620, 0x00000236451be2b0,
0x0000023663ae3ab0, 0x0000023663ae2160, 0x000002365343f8e0, 0x000002365343fdf0,
0x000002365343da80, 0x000002365343f3d0, 0x0000023653440300, 0x000002365343eec0,
0x0000023653440810, 0x000002365343d060, 0x000002365343d570, 0x000002365343df90,
0x000002365343e4a0, 0x000002365343e9b0, 0x0000023666b7c8a0, 0x0000023666b7be80,
0x0000023666b7a530, 0x0000023666b7aa40, 0x0000023666b7d2c0, 0x0000023663959560,
0x00000236523c4360, 0x0000023645674d00, 0x0000023645675210, 0x00000236708f4a30,
0x00000236708f5960, 0x000002366756a000, 0x00000236523c0bb0, 0x0000023666b7d7d0,
0x0000023664e3c210, 0x0000023645672480, 0x00000236675695e0, 0x000002366756be60,
0x000002364aa9c3f0, 0x000002366756af30, 0x0000023664e3f9c0, 0x0000023666b7af50,
0x000002364b5bd1a0, 0x00000236675686b0, 0x0000023648a12400, 0x0000023645672ea0,
0x0000023656eafff0, 0x0000023656eb0f20, 0x0000023663959a70, 0x0000023663959f80,
0x000002364aa9dd40, 0x000002364aa9a590, 0x0000023666ff6fb0, 0x000002364b5be0d0,
0x00000236480ed110, 0x00000236463cffa0, 0x00000236463d13e0, 0x00000236463d1e00,
0x00000236527c8050, 0x0000023648c8a7d0, 0x00000236527c7060, 0x00000236527c8af0,
0x0000023652de6740, 0x000002366f47b630, 0x000002366f47a640, 0x000002366f47bb80,
0x000002366f47c620, 0x000002366f47c0d0
}

Java Threads: ( => current thread )
  0x00000235f8f14680 JavaThread "main" [_thread_blocked, id=3144, stack(0x0000005d5fc00000,0x0000005d5fd00000)]
  0x00000235ffbe43d0 JavaThread "Reference Handler" daemon [_thread_blocked, id=26804, stack(0x0000005d60300000,0x0000005d60400000)]
  0x00000235fcd11a80 JavaThread "Finalizer" daemon [_thread_blocked, id=13544, stack(0x0000005d60400000,0x0000005d60500000)]
  0x00000235fcd2e980 JavaThread "Signal Dispatcher" daemon [_thread_blocked, id=14392, stack(0x0000005d60500000,0x0000005d60600000)]
  0x00000235ffbe5390 JavaThread "Attach Listener" daemon [_thread_blocked, id=32856, stack(0x0000005d60600000,0x0000005d60700000)]
  0x00000235ffbe5c60 JavaThread "Service Thread" daemon [_thread_blocked, id=35116, stack(0x0000005d60700000,0x0000005d60800000)]
  0x00000235ffbe6530 JavaThread "Monitor Deflation Thread" daemon [_thread_blocked, id=10508, stack(0x0000005d60800000,0x0000005d60900000)]
  0x00000235ffbeabc0 JavaThread "C2 CompilerThread0" daemon [_thread_blocked, id=25924, stack(0x0000005d60900000,0x0000005d60a00000)]
  0x00000235ffbfe510 JavaThread "C1 CompilerThread0" daemon [_thread_blocked, id=36448, stack(0x0000005d60a00000,0x0000005d60b00000)]
  0x00000235ffc12a30 JavaThread "Sweeper thread" daemon [_thread_blocked, id=29044, stack(0x0000005d60b00000,0x0000005d60c00000)]
  0x00000235ffcfc820 JavaThread "Common-Cleaner" daemon [_thread_blocked, id=35152, stack(0x0000005d60c00000,0x0000005d60d00000)]
  0x00000235ffe7d340 JavaThread "Notification Thread" daemon [_thread_blocked, id=1436, stack(0x0000005d61000000,0x0000005d61100000)]
  0x00000236468ddfa0 JavaThread "Daemon health stats" [_thread_blocked, id=6848, stack(0x0000005d61200000,0x0000005d61300000)]
  0x0000023645865d10 JavaThread "Incoming local TCP Connector on port 54676" [_thread_in_native, id=13532, stack(0x0000005d61300000,0x0000005d61400000)]
  0x0000023646107df0 JavaThread "Daemon periodic checks" [_thread_blocked, id=7440, stack(0x0000005d62000000,0x0000005d62100000)]
  0x00000236471a76b0 JavaThread "Cache worker for journal cache (C:\Users\wyeeb\.gradle\caches\journal-1)" [_thread_blocked, id=21620, stack(0x0000005d60f00000,0x0000005d61000000)]
  0x00000236471a8af0 JavaThread "File lock request listener" [_thread_in_native, id=35444, stack(0x0000005d62800000,0x0000005d62900000)]
  0x00000236471a9000 JavaThread "Cache worker for file hash cache (C:\Users\wyeeb\.gradle\caches\8.12\fileHashes)" [_thread_blocked, id=36780, stack(0x0000005d62900000,0x0000005d62a00000)]
  0x00000236471a9a20 JavaThread "File watcher server" daemon [_thread_in_native, id=18644, stack(0x0000005d63100000,0x0000005d63200000)]
  0x0000023649706ad0 JavaThread "File watcher consumer" daemon [_thread_blocked, id=5972, stack(0x0000005d63200000,0x0000005d63300000)]
  0x0000023649709350 JavaThread "Cache worker for file content cache (C:\Users\wyeeb\.gradle\caches\8.12\fileContent)" [_thread_blocked, id=436, stack(0x0000005d63600000,0x0000005d63700000)]
  0x000002364a20fde0 JavaThread "Memory manager" [_thread_blocked, id=31664, stack(0x0000005d66600000,0x0000005d66700000)]
  0x00000236482d2ff0 JavaThread "jar transforms" [_thread_blocked, id=36620, stack(0x0000005d6d600000,0x0000005d6d700000)]
  0x000002364601a7d0 JavaThread "jar transforms Thread 2" [_thread_blocked, id=8088, stack(0x0000005d6f000000,0x0000005d6f100000)]
  0x000002364601bc10 JavaThread "jar transforms Thread 3" [_thread_blocked, id=4140, stack(0x0000005d6d800000,0x0000005d6d900000)]
  0x000002364601c120 JavaThread "jar transforms Thread 4" [_thread_blocked, id=10312, stack(0x0000005d6f100000,0x0000005d6f200000)]
  0x000002364601cb40 JavaThread "jar transforms Thread 5" [_thread_blocked, id=36172, stack(0x0000005d6f300000,0x0000005d6f400000)]
  0x000002364601d050 JavaThread "jar transforms Thread 6" [_thread_blocked, id=33128, stack(0x0000005d6f400000,0x0000005d6f500000)]
  0x00000236460198a0 JavaThread "jar transforms Thread 7" [_thread_blocked, id=8208, stack(0x0000005d6f500000,0x0000005d6f600000)]
  0x00000236460202f0 JavaThread "jar transforms Thread 8" [_thread_blocked, id=10588, stack(0x0000005d6f600000,0x0000005d6f700000)]
  0x000002364601f8d0 JavaThread "jar transforms Thread 9" [_thread_blocked, id=33332, stack(0x0000005d6f700000,0x0000005d6f800000)]
  0x0000023646020800 JavaThread "jar transforms Thread 10" [_thread_blocked, id=33752, stack(0x0000005d6fb00000,0x0000005d6fc00000)]
  0x0000023655ed6040 JavaThread "Java2D Disposer" daemon [_thread_blocked, id=18152, stack(0x0000005d72000000,0x0000005d72100000)]
  0x0000023655eda210 JavaThread "AWT-Windows" daemon [_thread_in_native, id=13220, stack(0x0000005d72200000,0x0000005d72300000)]
  0x0000023666701870 JavaThread "Daemon Thread 3" [_thread_blocked, id=35500, stack(0x0000005d5f900000,0x0000005d5fa00000)]
  0x0000023666701d80 JavaThread "Handler for socket connection from /127.0.0.1:54676 to /127.0.0.1:52629" [_thread_in_native, id=35928, stack(0x0000005d5fa00000,0x0000005d5fb00000)]
  0x00000236667027a0 JavaThread "Cancel handler" [_thread_blocked, id=30036, stack(0x0000005d5fb00000,0x0000005d5fc00000)]
  0x00000236538c7c50 JavaThread "Daemon worker Thread 3" [_thread_blocked, id=4004, stack(0x0000005d60d00000,0x0000005d60e00000)]
  0x0000023666a7b960 JavaThread "Asynchronous log dispatcher for DefaultDaemonConnection: socket connection from /127.0.0.1:54676 to /127.0.0.1:52629" [_thread_blocked, id=33316, stack(0x0000005d60e00000,0x0000005d60f00000)]
  0x0000023666a7dcd0 JavaThread "Stdin handler" [_thread_blocked, id=16460, stack(0x0000005d61f00000,0x0000005d62000000)]
  0x0000023666a7af40 JavaThread "Daemon client event forwarder" [_thread_blocked, id=8124, stack(0x0000005d62100000,0x0000005d62200000)]
  0x0000023656589160 JavaThread "Cache worker for file hash cache (F:\OC\SteamAchievementsAPK\android\.gradle\8.12\fileHashes)" [_thread_blocked, id=31312, stack(0x0000005d62200000,0x0000005d62300000)]
  0x000002365658a090 JavaThread "Cache worker for Build Output Cleanup Cache (F:\OC\SteamAchievementsAPK\android\.gradle\buildOutputCleanup)" [_thread_blocked, id=32688, stack(0x0000005d62300000,0x0000005d62400000)]
  0x0000023656587d20 JavaThread "Cache worker for checksums cache (F:\OC\SteamAchievementsAPK\android\.gradle\8.12\checksums)" [_thread_blocked, id=31032, stack(0x0000005d62400000,0x0000005d62500000)]
  0x0000023664b6c090 JavaThread "Cache worker for cache directory md-rule (C:\Users\wyeeb\.gradle\caches\8.12\md-rule)" [_thread_blocked, id=3856, stack(0x0000005d62500000,0x0000005d62600000)]
  0x0000023664b6e910 JavaThread "Cache worker for cache directory md-supplier (C:\Users\wyeeb\.gradle\caches\8.12\md-supplier)" [_thread_blocked, id=36072, stack(0x0000005d62600000,0x0000005d62700000)]
  0x0000023664b6cab0 JavaThread "Cache worker for Build Output Cleanup Cache (F:\OC\DevTools\flutter\packages\flutter_tools\gradle\.gradle\buildOutputCleanup)" [_thread_blocked, id=26196, stack(0x0000005d62700000,0x0000005d62800000)]
  0x0000023664b6ee20 JavaThread "Unconstrained build operations" [_thread_blocked, id=27884, stack(0x0000005d62a00000,0x0000005d62b00000)]
  0x0000023664b6cfc0 JavaThread "Unconstrained build operations Thread 2" [_thread_blocked, id=7124, stack(0x0000005d62b00000,0x0000005d62c00000)]
  0x0000023664b6f330 JavaThread "Unconstrained build operations Thread 3" [_thread_blocked, id=12140, stack(0x0000005d62c00000,0x0000005d62d00000)]
  0x0000023664b6d4d0 JavaThread "Unconstrained build operations Thread 4" [_thread_blocked, id=16436, stack(0x0000005d62d00000,0x0000005d62e00000)]
  0x0000023664b6e400 JavaThread "Unconstrained build operations Thread 5" [_thread_blocked, id=32908, stack(0x0000005d63300000,0x0000005d63400000)]
  0x0000023656588230 JavaThread "Unconstrained build operations Thread 6" [_thread_blocked, id=440, stack(0x0000005d63400000,0x0000005d63500000)]
  0x0000023656588740 JavaThread "Unconstrained build operations Thread 7" [_thread_blocked, id=14628, stack(0x0000005d63500000,0x0000005d63600000)]
  0x000002365658aab0 JavaThread "Unconstrained build operations Thread 8" [_thread_blocked, id=17012, stack(0x0000005d63700000,0x0000005d63800000)]
  0x00000236538c6d20 JavaThread "Unconstrained build operations Thread 9" [_thread_blocked, id=3140, stack(0x0000005d63800000,0x0000005d63900000)]
  0x00000236538c6300 JavaThread "Unconstrained build operations Thread 10" [_thread_blocked, id=9392, stack(0x0000005d63900000,0x0000005d63a00000)]
  0x00000236538c95a0 JavaThread "Unconstrained build operations Thread 11" [_thread_blocked, id=29084, stack(0x0000005d63a00000,0x0000005d63b00000)]
  0x00000236538c8160 JavaThread "Unconstrained build operations Thread 12" [_thread_blocked, id=16420, stack(0x0000005d63b00000,0x0000005d63c00000)]
  0x00000236538c6810 JavaThread "Unconstrained build operations Thread 13" [_thread_blocked, id=14132, stack(0x0000005d63c00000,0x0000005d63d00000)]
  0x00000236538c7230 JavaThread "Unconstrained build operations Thread 14" [_thread_blocked, id=26820, stack(0x0000005d63d00000,0x0000005d63e00000)]
  0x00000236538c9090 JavaThread "Unconstrained build operations Thread 15" [_thread_blocked, id=18332, stack(0x0000005d63e00000,0x0000005d63f00000)]
  0x00000236538c8670 JavaThread "Unconstrained build operations Thread 16" [_thread_blocked, id=36740, stack(0x0000005d63f00000,0x0000005d64000000)]
  0x00000236538c8b80 JavaThread "Unconstrained build operations Thread 17" [_thread_blocked, id=31968, stack(0x0000005d64000000,0x0000005d64100000)]
  0x0000023667084800 JavaThread "Unconstrained build operations Thread 18" [_thread_blocked, id=4528, stack(0x0000005d64100000,0x0000005d64200000)]
  0x000002364565d9b0 JavaThread "Unconstrained build operations Thread 19" [_thread_blocked, id=17060, stack(0x0000005d64200000,0x0000005d64300000)]
  0x000002364565c060 JavaThread "Unconstrained build operations Thread 20" [_thread_blocked, id=11820, stack(0x0000005d64300000,0x0000005d64400000)]
  0x000002364565e8e0 JavaThread "Unconstrained build operations Thread 21" [_thread_blocked, id=36748, stack(0x0000005d64400000,0x0000005d64500000)]
  0x000002364565ca80 JavaThread "Unconstrained build operations Thread 22" [_thread_blocked, id=36024, stack(0x0000005d64500000,0x0000005d64600000)]
  0x000002364565cf90 JavaThread "Unconstrained build operations Thread 23" [_thread_blocked, id=35400, stack(0x0000005d64600000,0x0000005d64700000)]
  0x000002364565f810 JavaThread "Unconstrained build operations Thread 24" [_thread_blocked, id=31892, stack(0x0000005d64700000,0x0000005d64800000)]
  0x000002364565f300 JavaThread "Unconstrained build operations Thread 25" [_thread_blocked, id=23812, stack(0x0000005d64800000,0x0000005d64900000)]
  0x000002364565d4a0 JavaThread "Unconstrained build operations Thread 26" [_thread_blocked, id=9728, stack(0x0000005d64900000,0x0000005d64a00000)]
  0x000002364565dec0 JavaThread "Unconstrained build operations Thread 27" [_thread_blocked, id=7896, stack(0x0000005d64a00000,0x0000005d64b00000)]
  0x000002364565e3d0 JavaThread "Unconstrained build operations Thread 28" [_thread_blocked, id=12084, stack(0x0000005d64b00000,0x0000005d64c00000)]
  0x00000236480ebcd0 JavaThread "Unconstrained build operations Thread 29" [_thread_blocked, id=29268, stack(0x0000005d64c00000,0x0000005d64d00000)]
  0x00000236480ec1e0 JavaThread "Unconstrained build operations Thread 30" [_thread_blocked, id=33780, stack(0x0000005d64d00000,0x0000005d64e00000)]
  0x00000236480ec6f0 JavaThread "build event listener" [_thread_blocked, id=36608, stack(0x0000005d64e00000,0x0000005d64f00000)]
  0x00000236480ecc00 JavaThread "included builds" [_thread_blocked, id=33736, stack(0x0000005d65000000,0x0000005d65100000)]
  0x00000236689e3810 JavaThread "Execution worker" [_thread_blocked, id=21900, stack(0x0000005d65100000,0x0000005d65200000)]
  0x00000236689e19b0 JavaThread "Execution worker Thread 2" [_thread_blocked, id=3132, stack(0x0000005d65200000,0x0000005d65300000)]
  0x00000236689e0060 JavaThread "Execution worker Thread 3" [_thread_blocked, id=30352, stack(0x0000005d65300000,0x0000005d65400000)]
  0x00000236689e0f90 JavaThread "Execution worker Thread 4" [_thread_blocked, id=18348, stack(0x0000005d65400000,0x0000005d65500000)]
  0x00000236689e1ec0 JavaThread "Execution worker Thread 5" [_thread_blocked, id=15936, stack(0x0000005d65500000,0x0000005d65600000)]
  0x00000236689e14a0 JavaThread "Execution worker Thread 6" [_thread_blocked, id=16356, stack(0x0000005d65600000,0x0000005d65700000)]
  0x00000236689e23d0 JavaThread "Execution worker Thread 7" [_thread_blocked, id=12160, stack(0x0000005d65700000,0x0000005d65800000)]
  0x00000236689e28e0 JavaThread "Execution worker Thread 8" [_thread_blocked, id=21864, stack(0x0000005d65800000,0x0000005d65900000)]
  0x00000236689e3300 JavaThread "Execution worker Thread 9" [_thread_blocked, id=19432, stack(0x0000005d65900000,0x0000005d65a00000)]
  0x000002366506abf0 JavaThread "Execution worker Thread 10" [_thread_blocked, id=33692, stack(0x0000005d65a00000,0x0000005d65b00000)]
  0x00000236650692a0 JavaThread "Execution worker Thread 11" [_thread_blocked, id=36540, stack(0x0000005d65b00000,0x0000005d65c00000)]
  0x00000236650697b0 JavaThread "Execution worker Thread 12" [_thread_blocked, id=15984, stack(0x0000005d65c00000,0x0000005d65d00000)]
  0x000002366506a1d0 JavaThread "Execution worker Thread 13" [_thread_blocked, id=29032, stack(0x0000005d65d00000,0x0000005d65e00000)]
  0x000002364b081bd0 JavaThread "Execution worker Thread 14" [_thread_blocked, id=12320, stack(0x0000005d65e00000,0x0000005d65f00000)]
  0x000002364b0811b0 JavaThread "Execution worker Thread 15" [_thread_blocked, id=10292, stack(0x0000005d65f00000,0x0000005d66000000)]
  0x00000236538c7740 JavaThread "Cache worker for execution history cache (F:\OC\DevTools\flutter\packages\flutter_tools\gradle\.gradle\8.12\executionHistory)" [_thread_blocked, id=29304, stack(0x0000005d66000000,0x0000005d66100000)]
  0x00000236538c5df0 JavaThread "Unconstrained build operations Thread 31" [_thread_blocked, id=12800, stack(0x0000005d66100000,0x0000005d66200000)]
  0x0000023666d7d260 JavaThread "Unconstrained build operations Thread 32" [_thread_blocked, id=14060, stack(0x0000005d66200000,0x0000005d66300000)]
  0x0000023666d7b910 JavaThread "Unconstrained build operations Thread 33" [_thread_blocked, id=32448, stack(0x0000005d66300000,0x0000005d66400000)]
  0x0000023666d7c840 JavaThread "Unconstrained build operations Thread 34" [_thread_blocked, id=22632, stack(0x0000005d66400000,0x0000005d66500000)]
  0x0000023666d7be20 JavaThread "Unconstrained build operations Thread 35" [_thread_blocked, id=14824, stack(0x0000005d66500000,0x0000005d66600000)]
  0x0000023666d7c330 JavaThread "Unconstrained build operations Thread 36" [_thread_blocked, id=29552, stack(0x0000005d66700000,0x0000005d66800000)]
  0x0000023666d7cd50 JavaThread "Unconstrained build operations Thread 37" [_thread_blocked, id=17796, stack(0x0000005d66800000,0x0000005d66900000)]
  0x0000023664651a90 JavaThread "Unconstrained build operations Thread 38" [_thread_blocked, id=8708, stack(0x0000005d66900000,0x0000005d66a00000)]
  0x0000023664651580 JavaThread "Unconstrained build operations Thread 39" [_thread_blocked, id=30296, stack(0x0000005d66a00000,0x0000005d66b00000)]
  0x0000023664651fa0 JavaThread "Unconstrained build operations Thread 40" [_thread_blocked, id=29140, stack(0x0000005d66b00000,0x0000005d66c00000)]
  0x00000236646524b0 JavaThread "Unconstrained build operations Thread 41" [_thread_blocked, id=33160, stack(0x0000005d66c00000,0x0000005d66d00000)]
  0x0000023654caa8f0 JavaThread "Unconstrained build operations Thread 42" [_thread_blocked, id=10332, stack(0x0000005d66d00000,0x0000005d66e00000)]
  0x0000023654cab310 JavaThread "Unconstrained build operations Thread 43" [_thread_blocked, id=2088, stack(0x0000005d66e00000,0x0000005d66f00000)]
  0x0000023654ca8070 JavaThread "Unconstrained build operations Thread 44" [_thread_blocked, id=3152, stack(0x0000005d66f00000,0x0000005d67000000)]
  0x0000023654ca99c0 JavaThread "Unconstrained build operations Thread 45" [_thread_blocked, id=35856, stack(0x0000005d67000000,0x0000005d67100000)]
  0x0000023654ca8fa0 JavaThread "Unconstrained build operations Thread 46" [_thread_blocked, id=34716, stack(0x0000005d67100000,0x0000005d67200000)]
  0x0000023654ca8580 JavaThread "Unconstrained build operations Thread 47" [_thread_blocked, id=14192, stack(0x0000005d67200000,0x0000005d67300000)]
  0x0000023664b6d9e0 JavaThread "Unconstrained build operations Thread 48" [_thread_blocked, id=21640, stack(0x0000005d67300000,0x0000005d67400000)]
  0x0000023664b6def0 JavaThread "Unconstrained build operations Thread 49" [_thread_blocked, id=33648, stack(0x0000005d67400000,0x0000005d67500000)]
  0x0000023664b6f840 JavaThread "Unconstrained build operations Thread 50" [_thread_blocked, id=35884, stack(0x0000005d67500000,0x0000005d67600000)]
  0x0000023667d813c0 JavaThread "Unconstrained build operations Thread 51" [_thread_blocked, id=36076, stack(0x0000005d67600000,0x0000005d67700000)]
  0x0000023667d7e120 JavaThread "Unconstrained build operations Thread 52" [_thread_blocked, id=4832, stack(0x0000005d67700000,0x0000005d67800000)]
  0x0000023667d7ff80 JavaThread "Unconstrained build operations Thread 53" [_thread_blocked, id=3168, stack(0x0000005d67800000,0x0000005d67900000)]
  0x0000023667d7e630 JavaThread "Unconstrained build operations Thread 54" [_thread_blocked, id=12724, stack(0x0000005d67900000,0x0000005d67a00000)]
  0x0000023667d7eb40 JavaThread "Unconstrained build operations Thread 55" [_thread_blocked, id=15096, stack(0x0000005d67a00000,0x0000005d67b00000)]
  0x0000023667d80490 JavaThread "Unconstrained build operations Thread 56" [_thread_blocked, id=29944, stack(0x0000005d67b00000,0x0000005d67c00000)]
  0x0000023667d7f560 JavaThread "Unconstrained build operations Thread 57" [_thread_blocked, id=29324, stack(0x0000005d67c00000,0x0000005d67d00000)]
  0x0000023667d7fa70 JavaThread "Unconstrained build operations Thread 58" [_thread_blocked, id=34904, stack(0x0000005d67d00000,0x0000005d67e00000)]
  0x00000236708f5450 JavaThread "Unconstrained build operations Thread 59" [_thread_blocked, id=8468, stack(0x0000005d67e00000,0x0000005d67f00000)]
  0x00000236708f4f40 JavaThread "Unconstrained build operations Thread 60" [_thread_blocked, id=12532, stack(0x0000005d67f00000,0x0000005d68000000)]
  0x00000236708f5e70 JavaThread "Unconstrained build operations Thread 61" [_thread_blocked, id=2076, stack(0x0000005d68000000,0x0000005d68100000)]
  0x00000236708f4520 JavaThread "Unconstrained build operations Thread 62" [_thread_blocked, id=12776, stack(0x0000005d68100000,0x0000005d68200000)]
  0x0000023654ca8a90 JavaThread "Unconstrained build operations Thread 63" [_thread_blocked, id=15440, stack(0x0000005d68300000,0x0000005d68400000)]
  0x0000023654ca9ed0 JavaThread "Unconstrained build operations Thread 64" [_thread_blocked, id=32912, stack(0x0000005d68400000,0x0000005d68500000)]
  0x0000023654caae00 JavaThread "Unconstrained build operations Thread 65" [_thread_blocked, id=31048, stack(0x0000005d68500000,0x0000005d68600000)]
  0x0000023666a7be70 JavaThread "Unconstrained build operations Thread 66" [_thread_blocked, id=33600, stack(0x0000005d68600000,0x0000005d68700000)]
  0x0000023666a7c380 JavaThread "Unconstrained build operations Thread 67" [_thread_blocked, id=15600, stack(0x0000005d68700000,0x0000005d68800000)]
  0x0000023666a7c890 JavaThread "Unconstrained build operations Thread 68" [_thread_blocked, id=16116, stack(0x0000005d68800000,0x0000005d68900000)]
  0x0000023666a7d2b0 JavaThread "Unconstrained build operations Thread 69" [_thread_blocked, id=23004, stack(0x0000005d68900000,0x0000005d68a00000)]
  0x0000023666a7cda0 JavaThread "Unconstrained build operations Thread 70" [_thread_blocked, id=11768, stack(0x0000005d68a00000,0x0000005d68b00000)]
  0x0000023666a7a520 JavaThread "Unconstrained build operations Thread 71" [_thread_blocked, id=15992, stack(0x0000005d68b00000,0x0000005d68c00000)]
  0x0000023666a7d7c0 JavaThread "Unconstrained build operations Thread 72" [_thread_blocked, id=31396, stack(0x0000005d68c00000,0x0000005d68d00000)]
  0x0000023666a7aa30 JavaThread "Unconstrained build operations Thread 73" [_thread_blocked, id=2216, stack(0x0000005d68d00000,0x0000005d68e00000)]
  0x00000236456742e0 JavaThread "Unconstrained build operations Thread 74" [_thread_blocked, id=13632, stack(0x0000005d68e00000,0x0000005d68f00000)]
  0x0000023645675c30 JavaThread "Unconstrained build operations Thread 75" [_thread_blocked, id=7004, stack(0x0000005d68f00000,0x0000005d69000000)]
  0x00000236456747f0 JavaThread "Unconstrained build operations Thread 76" [_thread_blocked, id=33300, stack(0x0000005d69000000,0x0000005d69100000)]
  0x0000023645672990 JavaThread "Unconstrained build operations Thread 77" [_thread_blocked, id=28788, stack(0x0000005d69100000,0x0000005d69200000)]
  0x0000023668665630 JavaThread "Unconstrained build operations Thread 78" [_thread_blocked, id=33036, stack(0x0000005d69200000,0x0000005d69300000)]
  0x0000023668665b40 JavaThread "Unconstrained build operations Thread 79" [_thread_blocked, id=6384, stack(0x0000005d69300000,0x0000005d69400000)]
  0x0000023668666050 JavaThread "Unconstrained build operations Thread 80" [_thread_blocked, id=13676, stack(0x0000005d69400000,0x0000005d69500000)]
  0x0000023668ba3230 JavaThread "Unconstrained build operations Thread 81" [_thread_blocked, id=36132, stack(0x0000005d69500000,0x0000005d69600000)]
  0x0000023668ba5090 JavaThread "Unconstrained build operations Thread 82" [_thread_blocked, id=4864, stack(0x0000005d69600000,0x0000005d69700000)]
  0x0000023668ba55a0 JavaThread "Unconstrained build operations Thread 83" [_thread_blocked, id=1800, stack(0x0000005d69700000,0x0000005d69800000)]
  0x0000023668ba5ab0 JavaThread "Unconstrained build operations Thread 84" [_thread_blocked, id=31024, stack(0x0000005d69800000,0x0000005d69900000)]
  0x0000023668ba4160 JavaThread "Unconstrained build operations Thread 85" [_thread_blocked, id=36392, stack(0x0000005d69900000,0x0000005d69a00000)]
  0x0000023668ba3c50 JavaThread "Unconstrained build operations Thread 86" [_thread_blocked, id=9256, stack(0x0000005d69a00000,0x0000005d69b00000)]
  0x0000023668ba4b80 JavaThread "Unconstrained build operations Thread 87" [_thread_blocked, id=11780, stack(0x0000005d69b00000,0x0000005d69c00000)]
  0x0000023668ba3740 JavaThread "Unconstrained build operations Thread 88" [_thread_blocked, id=30944, stack(0x0000005d69c00000,0x0000005d69d00000)]
  0x0000023668ba2300 JavaThread "Unconstrained build operations Thread 89" [_thread_blocked, id=26972, stack(0x0000005d69d00000,0x0000005d69e00000)]
  0x0000023668ba2d20 JavaThread "Unconstrained build operations Thread 90" [_thread_blocked, id=29168, stack(0x0000005d69e00000,0x0000005d69f00000)]
  0x0000023668ba2810 JavaThread "Unconstrained build operations Thread 91" [_thread_blocked, id=14528, stack(0x0000005d69f00000,0x0000005d6a000000)]
  0x0000023668b8fc60 JavaThread "Unconstrained build operations Thread 92" [_thread_blocked, id=16676, stack(0x0000005d6a000000,0x0000005d6a100000)]
  0x0000023654ca94b0 JavaThread "build event listener" [_thread_blocked, id=7864, stack(0x0000005d6a200000,0x0000005d6a300000)]
  0x0000023654caa3e0 JavaThread "Problems report writer" [_thread_blocked, id=31924, stack(0x0000005d6a400000,0x0000005d6a500000)]
  0x00000236644599f0 JavaThread "Unconstrained build operations Thread 93" [_thread_blocked, id=33708, stack(0x0000005d6a500000,0x0000005d6a600000)]
  0x0000023664457170 JavaThread "Unconstrained build operations Thread 94" [_thread_blocked, id=9704, stack(0x0000005d6a600000,0x0000005d6a700000)]
  0x0000023664456750 JavaThread "Unconstrained build operations Thread 95" [_thread_blocked, id=25796, stack(0x0000005d6a700000,0x0000005d6a800000)]
  0x0000023664457b90 JavaThread "Unconstrained build operations Thread 96" [_thread_blocked, id=34252, stack(0x0000005d6a800000,0x0000005d6a900000)]
  0x00000236644580a0 JavaThread "Unconstrained build operations Thread 97" [_thread_blocked, id=22648, stack(0x0000005d6a900000,0x0000005d6aa00000)]
  0x00000236644585b0 JavaThread "Unconstrained build operations Thread 98" [_thread_blocked, id=16964, stack(0x0000005d6aa00000,0x0000005d6ab00000)]
  0x0000023664458ac0 JavaThread "Unconstrained build operations Thread 99" [_thread_blocked, id=2124, stack(0x0000005d6ab00000,0x0000005d6ac00000)]
  0x00000236638d6020 JavaThread "Unconstrained build operations Thread 100" [_thread_blocked, id=29224, stack(0x0000005d6ac00000,0x0000005d6ad00000)]
  0x000002366395aeb0 JavaThread "Unconstrained build operations Thread 101" [_thread_blocked, id=408, stack(0x0000005d6ad00000,0x0000005d6ae00000)]
  0x000002366395c800 JavaThread "Unconstrained build operations Thread 102" [_thread_blocked, id=27256, stack(0x0000005d6ae00000,0x0000005d6af00000)]
  0x000002366395a9a0 JavaThread "Unconstrained build operations Thread 103" [_thread_blocked, id=31984, stack(0x0000005d6af00000,0x0000005d6b000000)]
  0x0000023663959050 JavaThread "Unconstrained build operations Thread 104" [_thread_blocked, id=35604, stack(0x0000005d6b000000,0x0000005d6b100000)]
  0x000002366395bde0 JavaThread "Unconstrained build operations Thread 105" [_thread_blocked, id=14724, stack(0x0000005d6b100000,0x0000005d6b200000)]
  0x000002366395a490 JavaThread "Unconstrained build operations Thread 106" [_thread_blocked, id=14140, stack(0x0000005d6b200000,0x0000005d6b300000)]
  0x000002366395c2f0 JavaThread "Unconstrained build operations Thread 107" [_thread_blocked, id=35024, stack(0x0000005d6b300000,0x0000005d6b400000)]
  0x0000023664651070 JavaThread "Unconstrained build operations Thread 108" [_thread_blocked, id=4280, stack(0x0000005d6b400000,0x0000005d6b500000)]
  0x00000236646529c0 JavaThread "Unconstrained build operations Thread 109" [_thread_blocked, id=5888, stack(0x0000005d6b500000,0x0000005d6b600000)]
  0x0000023666701360 JavaThread "Unconstrained build operations Thread 110" [_thread_blocked, id=31044, stack(0x0000005d6b600000,0x0000005d6b700000)]
  0x0000023655819470 JavaThread "Unconstrained build operations Thread 111" [_thread_blocked, id=35136, stack(0x0000005d6b700000,0x0000005d6b800000)]
  0x000002365581a8b0 JavaThread "Unconstrained build operations Thread 112" [_thread_blocked, id=16140, stack(0x0000005d6b800000,0x0000005d6b900000)]
  0x0000023655819980 JavaThread "Unconstrained build operations Thread 113" [_thread_blocked, id=23676, stack(0x0000005d6b900000,0x0000005d6ba00000)]
  0x0000023655819e90 JavaThread "Unconstrained build operations Thread 114" [_thread_blocked, id=35780, stack(0x0000005d6ba00000,0x0000005d6bb00000)]
  0x000002365581b2d0 JavaThread "Unconstrained build operations Thread 115" [_thread_blocked, id=4300, stack(0x0000005d6bb00000,0x0000005d6bc00000)]
  0x000002365581b7e0 JavaThread "Unconstrained build operations Thread 116" [_thread_blocked, id=32784, stack(0x0000005d6bc00000,0x0000005d6bd00000)]
  0x000002365581cc20 JavaThread "Unconstrained build operations Thread 117" [_thread_blocked, id=3180, stack(0x0000005d6bd00000,0x0000005d6be00000)]
  0x000002365581adc0 JavaThread "Unconstrained build operations Thread 118" [_thread_blocked, id=16804, stack(0x0000005d6be00000,0x0000005d6bf00000)]
  0x000002365581c710 JavaThread "Unconstrained build operations Thread 119" [_thread_blocked, id=12400, stack(0x0000005d6bf00000,0x0000005d6c000000)]
  0x000002365581a3a0 JavaThread "Unconstrained build operations Thread 120" [_thread_blocked, id=30928, stack(0x0000005d6c000000,0x0000005d6c100000)]
  0x000002365581bcf0 JavaThread "Unconstrained build operations Thread 121" [_thread_blocked, id=10428, stack(0x0000005d6c100000,0x0000005d6c200000)]
  0x000002365581c200 JavaThread "Unconstrained build operations Thread 122" [_thread_blocked, id=36588, stack(0x0000005d6c200000,0x0000005d6c300000)]
  0x0000023668b8de00 JavaThread "Unconstrained build operations Thread 123" [_thread_blocked, id=34244, stack(0x0000005d6c300000,0x0000005d6c400000)]
  0x0000023668b90680 JavaThread "Unconstrained build operations Thread 124" [_thread_blocked, id=28692, stack(0x0000005d6c400000,0x0000005d6c500000)]
  0x0000023668b90b90 JavaThread "Unconstrained build operations Thread 125" [_thread_blocked, id=13968, stack(0x0000005d6c500000,0x0000005d6c600000)]
  0x0000023668b8ed30 JavaThread "Unconstrained build operations Thread 126" [_thread_blocked, id=35424, stack(0x0000005d6c600000,0x0000005d6c700000)]
  0x0000023668b8f750 JavaThread "Unconstrained build operations Thread 127" [_thread_blocked, id=11192, stack(0x0000005d6c700000,0x0000005d6c800000)]
  0x0000023668b910a0 JavaThread "Unconstrained build operations Thread 128" [_thread_blocked, id=280, stack(0x0000005d6c800000,0x0000005d6c900000)]
  0x0000023668b90170 JavaThread "Unconstrained build operations Thread 129" [_thread_blocked, id=36720, stack(0x0000005d6c900000,0x0000005d6ca00000)]
  0x0000023668b8d8f0 JavaThread "Unconstrained build operations Thread 130" [_thread_blocked, id=31816, stack(0x0000005d6ca00000,0x0000005d6cb00000)]
  0x0000023668b8e310 JavaThread "Unconstrained build operations Thread 131" [_thread_blocked, id=12048, stack(0x0000005d6cb00000,0x0000005d6cc00000)]
  0x0000023668b8e820 JavaThread "Unconstrained build operations Thread 132" [_thread_blocked, id=31140, stack(0x0000005d6cc00000,0x0000005d6cd00000)]
  0x0000023668b8f240 JavaThread "Unconstrained build operations Thread 133" [_thread_blocked, id=34476, stack(0x0000005d6cd00000,0x0000005d6ce00000)]
  0x0000023668ba4670 JavaThread "Unconstrained build operations Thread 134" [_thread_blocked, id=26416, stack(0x0000005d6ce00000,0x0000005d6cf00000)]
  0x000002365164e230 JavaThread "Unconstrained build operations Thread 135" [_thread_blocked, id=8212, stack(0x0000005d6cf00000,0x0000005d6d000000)]
  0x000002365164dd20 JavaThread "Unconstrained build operations Thread 136" [_thread_blocked, id=10836, stack(0x0000005d6d000000,0x0000005d6d100000)]
  0x00000236463d04b0 JavaThread "Unconstrained build operations Thread 137" [_thread_blocked, id=7748, stack(0x0000005d6d100000,0x0000005d6d200000)]
  0x00000236451be7c0 JavaThread "Unconstrained build operations Thread 138" [_thread_blocked, id=34748, stack(0x0000005d6d200000,0x0000005d6d300000)]
  0x00000236451bfc00 JavaThread "Unconstrained build operations Thread 139" [_thread_blocked, id=16332, stack(0x0000005d6d300000,0x0000005d6d400000)]
  0x00000236451c0620 JavaThread "Unconstrained build operations Thread 140" [_thread_blocked, id=12188, stack(0x0000005d6d400000,0x0000005d6d500000)]
  0x00000236451be2b0 JavaThread "Unconstrained build operations Thread 141" [_thread_blocked, id=16348, stack(0x0000005d6d500000,0x0000005d6d600000)]
  0x0000023663ae3ab0 JavaThread "Unconstrained build operations Thread 142" [_thread_blocked, id=26860, stack(0x0000005d6d700000,0x0000005d6d800000)]
  0x0000023663ae2160 JavaThread "Unconstrained build operations Thread 143" [_thread_blocked, id=8436, stack(0x0000005d6d900000,0x0000005d6da00000)]
  0x000002365343f8e0 JavaThread "Unconstrained build operations Thread 144" [_thread_blocked, id=3004, stack(0x0000005d6da00000,0x0000005d6db00000)]
  0x000002365343fdf0 JavaThread "Unconstrained build operations Thread 145" [_thread_blocked, id=28688, stack(0x0000005d6db00000,0x0000005d6dc00000)]
  0x000002365343da80 JavaThread "Unconstrained build operations Thread 146" [_thread_blocked, id=31356, stack(0x0000005d6dc00000,0x0000005d6dd00000)]
  0x000002365343f3d0 JavaThread "Unconstrained build operations Thread 147" [_thread_blocked, id=6256, stack(0x0000005d6dd00000,0x0000005d6de00000)]
  0x0000023653440300 JavaThread "Unconstrained build operations Thread 148" [_thread_blocked, id=8288, stack(0x0000005d6de00000,0x0000005d6df00000)]
  0x000002365343eec0 JavaThread "Unconstrained build operations Thread 149" [_thread_blocked, id=2256, stack(0x0000005d6df00000,0x0000005d6e000000)]
  0x0000023653440810 JavaThread "Unconstrained build operations Thread 150" [_thread_blocked, id=12868, stack(0x0000005d6e000000,0x0000005d6e100000)]
  0x000002365343d060 JavaThread "Unconstrained build operations Thread 151" [_thread_blocked, id=7112, stack(0x0000005d6e100000,0x0000005d6e200000)]
  0x000002365343d570 JavaThread "Unconstrained build operations Thread 152" [_thread_blocked, id=36068, stack(0x0000005d6e200000,0x0000005d6e300000)]
  0x000002365343df90 JavaThread "Unconstrained build operations Thread 153" [_thread_blocked, id=10320, stack(0x0000005d6e500000,0x0000005d6e600000)]
  0x000002365343e4a0 JavaThread "Unconstrained build operations Thread 154" [_thread_blocked, id=19196, stack(0x0000005d6e600000,0x0000005d6e700000)]
  0x000002365343e9b0 JavaThread "Unconstrained build operations Thread 155" [_thread_blocked, id=32064, stack(0x0000005d6e700000,0x0000005d6e800000)]
  0x0000023666b7c8a0 JavaThread "Unconstrained build operations Thread 156" [_thread_blocked, id=32960, stack(0x0000005d6e800000,0x0000005d6e900000)]
  0x0000023666b7be80 JavaThread "Unconstrained build operations Thread 157" [_thread_blocked, id=24412, stack(0x0000005d6e900000,0x0000005d6ea00000)]
  0x0000023666b7a530 JavaThread "Unconstrained build operations Thread 158" [_thread_blocked, id=7500, stack(0x0000005d6ea00000,0x0000005d6eb00000)]
  0x0000023666b7aa40 JavaThread "Unconstrained build operations Thread 159" [_thread_blocked, id=13948, stack(0x0000005d6eb00000,0x0000005d6ec00000)]
  0x0000023666b7d2c0 JavaThread "Unconstrained build operations Thread 160" [_thread_blocked, id=32764, stack(0x0000005d6ec00000,0x0000005d6ed00000)]
  0x0000023663959560 JavaThread "Cache worker for execution history cache (F:\OC\SteamAchievementsAPK\android\.gradle\8.12\executionHistory)" [_thread_blocked, id=30932, stack(0x0000005d6ed00000,0x0000005d6ee00000)]
  0x00000236523c4360 JavaThread "Exec process" [_thread_blocked, id=14892, stack(0x0000005d6ee00000,0x0000005d6ef00000)]
  0x0000023645674d00 JavaThread "Exec process Thread 2" [_thread_blocked, id=18620, stack(0x0000005d6ef00000,0x0000005d6f000000)]
  0x0000023645675210 JavaThread "Exec process Thread 3" [_thread_blocked, id=33080, stack(0x0000005d6f200000,0x0000005d6f300000)]
  0x00000236708f4a30 JavaThread "WorkerExecutor Queue" [_thread_blocked, id=36184, stack(0x0000005d64f00000,0x0000005d65000000)]
  0x00000236708f5960 JavaThread "WorkerExecutor Queue Thread 2" [_thread_blocked, id=33368, stack(0x0000005d68200000,0x0000005d68300000)]
  0x000002366756a000 JavaThread "WorkerExecutor Queue Thread 3" [_thread_blocked, id=21736, stack(0x0000005d6a300000,0x0000005d6a400000)]
  0x00000236523c0bb0 JavaThread "WorkerExecutor Queue Thread 4" [_thread_blocked, id=14372, stack(0x0000005d6e300000,0x0000005d6e400000)]
  0x0000023666b7d7d0 JavaThread "WorkerExecutor Queue Thread 5" [_thread_blocked, id=6492, stack(0x0000005d6fd00000,0x0000005d6fe00000)]
  0x0000023664e3c210 JavaThread "WorkerExecutor Queue Thread 6" [_thread_blocked, id=31464, stack(0x0000005d70300000,0x0000005d70400000)]
  0x0000023645672480 JavaThread "WorkerExecutor Queue Thread 7" [_thread_blocked, id=29132, stack(0x0000005d70900000,0x0000005d70a00000)]
  0x00000236675695e0 JavaThread "ForkJoinPool-3-worker-1" daemon [_thread_blocked, id=3188, stack(0x0000005d70b00000,0x0000005d70c00000)]
  0x000002366756be60 JavaThread "ForkJoinPool-3-worker-2" daemon [_thread_blocked, id=15376, stack(0x0000005d70c00000,0x0000005d70d00000)]
  0x000002364aa9c3f0 JavaThread "ForkJoinPool-3-worker-3" daemon [_thread_blocked, id=22360, stack(0x0000005d70d00000,0x0000005d70e00000)]
  0x000002366756af30 JavaThread "ForkJoinPool-3-worker-4" daemon [_thread_blocked, id=9368, stack(0x0000005d70e00000,0x0000005d70f00000)]
  0x0000023664e3f9c0 JavaThread "ForkJoinPool-3-worker-5" daemon [_thread_blocked, id=36084, stack(0x0000005d70f00000,0x0000005d71000000)]
  0x0000023666b7af50 JavaThread "ForkJoinPool-3-worker-6" daemon [_thread_blocked, id=13232, stack(0x0000005d71000000,0x0000005d71100000)]
  0x000002364b5bd1a0 JavaThread "ForkJoinPool-3-worker-7" daemon [_thread_blocked, id=13432, stack(0x0000005d71100000,0x0000005d71200000)]
  0x00000236675686b0 JavaThread "ForkJoinPool-3-worker-8" daemon [_thread_blocked, id=31340, stack(0x0000005d71200000,0x0000005d71300000)]
  0x0000023648a12400 JavaThread "WorkerExecutor Queue Thread 8" [_thread_blocked, id=6316, stack(0x0000005d70400000,0x0000005d70500000)]
  0x0000023645672ea0 JavaThread "WorkerExecutor Queue Thread 9" [_thread_blocked, id=33104, stack(0x0000005d70500000,0x0000005d70600000)]
  0x0000023656eafff0 JavaThread "WorkerExecutor Queue Thread 10" [_thread_blocked, id=34824, stack(0x0000005d70600000,0x0000005d70700000)]
  0x0000023656eb0f20 JavaThread "WorkerExecutor Queue Thread 11" [_thread_blocked, id=32720, stack(0x0000005d70700000,0x0000005d70800000)]
  0x0000023663959a70 JavaThread "Exec process Thread 4" [_thread_blocked, id=35112, stack(0x0000005d70800000,0x0000005d70900000)]
  0x0000023663959f80 JavaThread "Exec process Thread 5" [_thread_blocked, id=27280, stack(0x0000005d70a00000,0x0000005d70b00000)]
  0x000002364aa9dd40 JavaThread "Exec process Thread 6" [_thread_blocked, id=36064, stack(0x0000005d71300000,0x0000005d71400000)]
  0x000002364aa9a590 JavaThread "Exec process Thread 7" [_thread_blocked, id=17044, stack(0x0000005d71400000,0x0000005d71500000)]
  0x0000023666ff6fb0 JavaThread "Exec process Thread 8" [_thread_blocked, id=16656, stack(0x0000005d71800000,0x0000005d71900000)]
  0x000002364b5be0d0 JavaThread "Exec process Thread 9" [_thread_blocked, id=33172, stack(0x0000005d71900000,0x0000005d71a00000)]
  0x00000236480ed110 JavaThread "WorkerExecutor Queue Thread 12" [_thread_blocked, id=12292, stack(0x0000005d71500000,0x0000005d71600000)]
  0x00000236463cffa0 JavaThread "WorkerExecutor Queue Thread 13" [_thread_blocked, id=5116, stack(0x0000005d6fc00000,0x0000005d6fd00000)]
  0x00000236463d13e0 JavaThread "WorkerExecutor Queue Thread 14" [_thread_blocked, id=3448, stack(0x0000005d71600000,0x0000005d71700000)]
  0x00000236463d1e00 JavaThread "WorkerExecutor Queue Thread 15" [_thread_blocked, id=11784, stack(0x0000005d71b00000,0x0000005d71c00000)]
  0x00000236527c8050 JavaThread "C1 CompilerThread1" daemon [_thread_blocked, id=17072, stack(0x0000005d6a100000,0x0000005d6a200000)]
  0x0000023648c8a7d0 JavaThread "C2 CompilerThread1" daemon [_thread_blocked, id=15324, stack(0x0000005d6e400000,0x0000005d6e500000)]
  0x00000236527c7060 JavaThread "C2 CompilerThread2" daemon [_thread_blocked, id=36216, stack(0x0000005d6fa00000,0x0000005d6fb00000)]
  0x00000236527c8af0 JavaThread "C2 CompilerThread3" daemon [_thread_blocked, id=30308, stack(0x0000005d71a00000,0x0000005d71b00000)]
  0x0000023652de6740 JavaThread "C2 CompilerThread4" daemon [_thread_blocked, id=35264, stack(0x0000005d71c00000,0x0000005d71d00000)]
  0x000002366f47b630 JavaThread "C2 CompilerThread5" daemon [_thread_blocked, id=4324, stack(0x0000005d71d00000,0x0000005d71e00000)]
  0x000002366f47a640 JavaThread "C2 CompilerThread6" daemon [_thread_blocked, id=32676, stack(0x0000005d71e00000,0x0000005d71f00000)]
  0x000002366f47bb80 JavaThread "C2 CompilerThread7" daemon [_thread_blocked, id=36480, stack(0x0000005d71f00000,0x0000005d72000000)]
  0x000002366f47c620 JavaThread "C1 CompilerThread2" daemon [_thread_blocked, id=33044, stack(0x0000005d72100000,0x0000005d72200000)]
  0x000002366f47c0d0 JavaThread "C1 CompilerThread3" daemon [_thread_blocked, id=5632, stack(0x0000005d72300000,0x0000005d72400000)]

Other Threads:
=>0x00000235ffbe3410 VMThread "VM Thread" [stack: 0x0000005d60200000,0x0000005d60300000] [id=15216]
  0x00000235ffe7dc30 WatcherThread [stack: 0x0000005d61100000,0x0000005d61200000] [id=9660]
  0x00000235fcb719b0 GCTaskThread "GC Thread#0" [stack: 0x0000005d5fd00000,0x0000005d5fe00000] [id=8228]
  0x000002364576bd90 GCTaskThread "GC Thread#1" [stack: 0x0000005d61400000,0x0000005d61500000] [id=15620]
  0x00000235fff17290 GCTaskThread "GC Thread#2" [stack: 0x0000005d61500000,0x0000005d61600000] [id=34284]
  0x000002364570e0c0 GCTaskThread "GC Thread#3" [stack: 0x0000005d61600000,0x0000005d61700000] [id=10396]
  0x0000023645303c40 GCTaskThread "GC Thread#4" [stack: 0x0000005d61700000,0x0000005d61800000] [id=27284]
  0x0000023645303f00 GCTaskThread "GC Thread#5" [stack: 0x0000005d61800000,0x0000005d61900000] [id=14012]
  0x00000236453041c0 GCTaskThread "GC Thread#6" [stack: 0x0000005d61900000,0x0000005d61a00000] [id=13440]
  0x0000023645304480 GCTaskThread "GC Thread#7" [stack: 0x0000005d61a00000,0x0000005d61b00000] [id=34148]
  0x0000023645201f20 GCTaskThread "GC Thread#8" [stack: 0x0000005d61b00000,0x0000005d61c00000] [id=35584]
  0x00000236452021e0 GCTaskThread "GC Thread#9" [stack: 0x0000005d61c00000,0x0000005d61d00000] [id=31316]
  0x000002364535bf70 GCTaskThread "GC Thread#10" [stack: 0x0000005d61d00000,0x0000005d61e00000] [id=29744]
  0x000002364535c230 GCTaskThread "GC Thread#11" [stack: 0x0000005d61e00000,0x0000005d61f00000] [id=5260]
  0x00000236468409f0 GCTaskThread "GC Thread#12" [stack: 0x0000005d62e00000,0x0000005d62f00000] [id=12316]
  0x00000235f8f94bb0 ConcurrentGCThread "G1 Main Marker" [stack: 0x0000005d5fe00000,0x0000005d5ff00000] [id=26576]
  0x00000235f8f95b80 ConcurrentGCThread "G1 Conc#0" [stack: 0x0000005d5ff00000,0x0000005d60000000] [id=13640]
  0x00000236468401b0 ConcurrentGCThread "G1 Conc#1" [stack: 0x0000005d62f00000,0x0000005d63000000] [id=5264]
  0x0000023646841230 ConcurrentGCThread "G1 Conc#2" [stack: 0x0000005d63000000,0x0000005d63100000] [id=26928]
  0x00000235f8fbec40 ConcurrentGCThread "G1 Refine#0" [stack: 0x0000005d60000000,0x0000005d60100000] [id=10164]
  0x00000236534b33d0 ConcurrentGCThread "G1 Refine#1" [stack: 0x0000005d6fe00000,0x0000005d6ff00000] [id=27460]
  0x00000236534b1380 ConcurrentGCThread "G1 Refine#2" [stack: 0x0000005d6ff00000,0x0000005d70000000] [id=8452]
  0x00000236534b39b0 ConcurrentGCThread "G1 Refine#3" [stack: 0x0000005d70000000,0x0000005d70100000] [id=6228]
  0x00000236534b36c0 ConcurrentGCThread "G1 Refine#4" [stack: 0x0000005d70100000,0x0000005d70200000] [id=34736]
  0x00000236534b4280 ConcurrentGCThread "G1 Refine#5" [stack: 0x0000005d70200000,0x0000005d70300000] [id=35020]
  0x00000236462e0360 ConcurrentGCThread "G1 Refine#6" [stack: 0x0000005d71700000,0x0000005d71800000] [id=2680]
  0x0000023655eef460 ConcurrentGCThread "G1 Refine#7" [stack: 0x0000005d72800000,0x0000005d72900000] [id=34884]
  0x0000023655eeeb90 ConcurrentGCThread "G1 Refine#8" [stack: 0x0000005d72900000,0x0000005d72a00000] [id=30952]
  0x00000236462e2990 ConcurrentGCThread "G1 Refine#9" [stack: 0x0000005d72a00000,0x0000005d72b00000] [id=11772]
  0x000002364ab05f50 ConcurrentGCThread "G1 Refine#10" [stack: 0x0000005d72b00000,0x0000005d72c00000] [id=29184]
  0x00000235fcc34bd0 ConcurrentGCThread "G1 Service" [stack: 0x0000005d60100000,0x0000005d60200000] [id=27912]

Threads with active compile tasks:
C2 CompilerThread0  5777579 67549       4       com.android.tools.r8.internal.Q3::W0 (5 bytes)
C2 CompilerThread1  5777579 67558       4       com.android.tools.r8.ir.optimize.W::a (1448 bytes)
C2 CompilerThread2  5777579 67571       4       com.android.tools.r8.internal.bn::forEach (16 bytes)
C2 CompilerThread3  5777579 67550       4       com.android.tools.r8.ir.optimize.w::a (98 bytes)
C2 CompilerThread4  5777579 67538       4       com.android.tools.r8.internal.Nm0::a (441 bytes)
C2 CompilerThread5  5777579 67529       4       com.android.tools.r8.internal.Xh::b (673 bytes)
C2 CompilerThread6  5777579 67564       4       com.android.tools.r8.internal.li0::a (234 bytes)
C2 CompilerThread7  5777579 67581       4       com.android.tools.r8.internal.FI::a (7 bytes)

VM state: at safepoint (normal execution)

VM Mutex/Monitor currently owned by a thread:  ([mutex/lock_event])
[0x00000235f8f0fa50] Threads_lock - owner thread: 0x00000235ffbe3410
[0x00000235f8f10230] Heap_lock - owner thread: 0x0000023664e3f9c0

Heap address: 0x0000000600000000, size: 8192 MB, Compressed Oops mode: Zero based, Oop shift amount: 3

CDS archive(s) mapped at: [0x0000023600000000-0x0000023600bb0000-0x0000023600bb0000), size 12255232, SharedBaseAddress: 0x0000023600000000, ArchiveRelocationMode: 1.
Compressed class space mapped at: 0x0000023601000000-0x0000023641000000, reserved size: 1073741824
Narrow klass base: 0x0000023600000000, Narrow klass shift: 0, Narrow klass range: 0x100000000

GC Precious Log:
 CPUs: 16 total, 16 available
 Memory: 32679M
 Large Page Support: Disabled
 NUMA Support: Disabled
 Compressed Oops: Enabled (Zero based)
 Heap Region Size: 4M
 Heap Min Capacity: 8M
 Heap Initial Capacity: 512M
 Heap Max Capacity: 8G
 Pre-touch: Disabled
 Parallel Workers: 13
 Concurrent Workers: 3
 Concurrent Refinement Workers: 13
 Periodic GC: Disabled

Heap:
 garbage-first heap   total 4341760K, used 716746K [0x0000000600000000, 0x0000000800000000)
  region size 4096K, 5 young (20480K), 5 survivors (20480K)
 Metaspace       used 257786K, committed 260032K, reserved 1310720K
  class space    used 33597K, committed 34624K, reserved 1048576K

Heap Regions: E=young(eden), S=young(survivor), O=old, HS=humongous(starts), HC=humongous(continues), CS=collection set, F=free, OA=open archive, CA=closed archive, TAMS=top-at-mark-start (previous, next)
|   0|0x0000000600000000, 0x0000000600400000, 0x0000000600400000|100%|HS|  |TAMS 0x0000000600400000, 0x0000000600400000| Complete 
|   1|0x0000000600400000, 0x0000000600800000, 0x0000000600800000|100%| O|  |TAMS 0x0000000600800000, 0x0000000600800000| Untracked 
|   2|0x0000000600800000, 0x0000000600c00000, 0x0000000600c00000|100%| O|  |TAMS 0x0000000600c00000, 0x0000000600c00000| Untracked 
|   3|0x0000000600c00000, 0x0000000601000000, 0x0000000601000000|100%| O|  |TAMS 0x0000000601000000, 0x0000000601000000| Untracked 
|   4|0x0000000601000000, 0x0000000601400000, 0x0000000601400000|100%| O|  |TAMS 0x0000000601400000, 0x0000000601400000| Untracked 
|   5|0x0000000601400000, 0x0000000601800000, 0x0000000601800000|100%| O|  |TAMS 0x0000000601800000, 0x0000000601800000| Untracked 
|   6|0x0000000601800000, 0x0000000601c00000, 0x0000000601c00000|100%| O|  |TAMS 0x0000000601c00000, 0x0000000601c00000| Untracked 
|   7|0x0000000601c00000, 0x0000000602000000, 0x0000000602000000|100%| O|  |TAMS 0x0000000602000000, 0x0000000602000000| Untracked 
|   8|0x0000000602000000, 0x0000000602400000, 0x0000000602400000|100%| O|  |TAMS 0x0000000602400000, 0x0000000602400000| Untracked 
|   9|0x0000000602400000, 0x0000000602800000, 0x0000000602800000|100%|HS|  |TAMS 0x0000000602800000, 0x0000000602800000| Complete 
|  10|0x0000000602800000, 0x0000000602c00000, 0x0000000602c00000|100%| O|  |TAMS 0x0000000602c00000, 0x0000000602c00000| Untracked 
|  11|0x0000000602c00000, 0x0000000602c00000, 0x0000000603000000|  0%| F|  |TAMS 0x0000000602c00000, 0x0000000602c00000| Untracked 
|  12|0x0000000603000000, 0x0000000603400000, 0x0000000603400000|100%| O|  |TAMS 0x0000000603400000, 0x0000000603400000| Untracked 
|  13|0x0000000603400000, 0x0000000603800000, 0x0000000603800000|100%|HS|  |TAMS 0x0000000603800000, 0x0000000603800000| Complete 
|  14|0x0000000603800000, 0x0000000603c00000, 0x0000000603c00000|100%| O|  |TAMS 0x0000000603c00000, 0x0000000603c00000| Untracked 
|  15|0x0000000603c00000, 0x0000000604000000, 0x0000000604000000|100%| O|  |TAMS 0x0000000604000000, 0x0000000604000000| Untracked 
|  16|0x0000000604000000, 0x0000000604400000, 0x0000000604400000|100%| O|  |TAMS 0x0000000604400000, 0x0000000604400000| Untracked 
|  17|0x0000000604400000, 0x0000000604400000, 0x0000000604800000|  0%| F|  |TAMS 0x0000000604400000, 0x0000000604400000| Untracked 
|  18|0x0000000604800000, 0x0000000604c00000, 0x0000000604c00000|100%| O|  |TAMS 0x0000000604c00000, 0x0000000604c00000| Untracked 
|  19|0x0000000604c00000, 0x0000000605000000, 0x0000000605000000|100%| O|  |TAMS 0x0000000605000000, 0x0000000605000000| Untracked 
|  20|0x0000000605000000, 0x0000000605400000, 0x0000000605400000|100%| O|  |TAMS 0x0000000605400000, 0x0000000605400000| Untracked 
|  21|0x0000000605400000, 0x0000000605800000, 0x0000000605800000|100%| O|  |TAMS 0x0000000605800000, 0x0000000605800000| Untracked 
|  22|0x0000000605800000, 0x0000000605c00000, 0x0000000605c00000|100%| O|  |TAMS 0x0000000605c00000, 0x0000000605c00000| Untracked 
|  23|0x0000000605c00000, 0x0000000606000000, 0x0000000606000000|100%| O|  |TAMS 0x0000000606000000, 0x0000000606000000| Untracked 
|  24|0x0000000606000000, 0x0000000606400000, 0x0000000606400000|100%| O|  |TAMS 0x0000000606400000, 0x0000000606400000| Untracked 
|  25|0x0000000606400000, 0x0000000606800000, 0x0000000606800000|100%| O|  |TAMS 0x0000000606800000, 0x0000000606800000| Untracked 
|  26|0x0000000606800000, 0x0000000606c00000, 0x0000000606c00000|100%| O|  |TAMS 0x0000000606c00000, 0x0000000606c00000| Untracked 
|  27|0x0000000606c00000, 0x0000000607000000, 0x0000000607000000|100%| O|  |TAMS 0x0000000607000000, 0x0000000607000000| Untracked 
|  28|0x0000000607000000, 0x0000000607400000, 0x0000000607400000|100%| O|  |TAMS 0x0000000607400000, 0x0000000607400000| Untracked 
|  29|0x0000000607400000, 0x0000000607800000, 0x0000000607800000|100%|HS|  |TAMS 0x0000000607800000, 0x0000000607800000| Complete 
|  30|0x0000000607800000, 0x0000000607c00000, 0x0000000607c00000|100%| O|  |TAMS 0x0000000607c00000, 0x0000000607c00000| Untracked 
|  31|0x0000000607c00000, 0x0000000608000000, 0x0000000608000000|100%| O|  |TAMS 0x0000000608000000, 0x0000000608000000| Untracked 
|  32|0x0000000608000000, 0x0000000608400000, 0x0000000608400000|100%| O|  |TAMS 0x0000000608400000, 0x0000000608400000| Untracked 
|  33|0x0000000608400000, 0x0000000608400000, 0x0000000608800000|  0%| F|  |TAMS 0x0000000608400000, 0x0000000608400000| Untracked 
|  34|0x0000000608800000, 0x0000000608c00000, 0x0000000608c00000|100%| O|  |TAMS 0x0000000608c00000, 0x0000000608c00000| Untracked 
|  35|0x0000000608c00000, 0x0000000609000000, 0x0000000609000000|100%| O|  |TAMS 0x0000000609000000, 0x0000000609000000| Untracked 
|  36|0x0000000609000000, 0x0000000609400000, 0x0000000609400000|100%| O|  |TAMS 0x0000000609400000, 0x0000000609400000| Untracked 
|  37|0x0000000609400000, 0x0000000609800000, 0x0000000609800000|100%| O|  |TAMS 0x0000000609800000, 0x0000000609800000| Untracked 
|  38|0x0000000609800000, 0x0000000609c00000, 0x0000000609c00000|100%| O|  |TAMS 0x0000000609c00000, 0x0000000609c00000| Untracked 
|  39|0x0000000609c00000, 0x000000060a000000, 0x000000060a000000|100%| O|  |TAMS 0x000000060a000000, 0x000000060a000000| Untracked 
|  40|0x000000060a000000, 0x000000060a400000, 0x000000060a400000|100%| O|  |TAMS 0x000000060a400000, 0x000000060a400000| Untracked 
|  41|0x000000060a400000, 0x000000060a800000, 0x000000060a800000|100%| O|  |TAMS 0x000000060a800000, 0x000000060a800000| Untracked 
|  42|0x000000060a800000, 0x000000060ac00000, 0x000000060ac00000|100%| O|  |TAMS 0x000000060ac00000, 0x000000060ac00000| Untracked 
|  43|0x000000060ac00000, 0x000000060b000000, 0x000000060b000000|100%| O|  |TAMS 0x000000060b000000, 0x000000060b000000| Untracked 
|  44|0x000000060b000000, 0x000000060b400000, 0x000000060b400000|100%| O|  |TAMS 0x000000060b400000, 0x000000060b400000| Untracked 
|  45|0x000000060b400000, 0x000000060b800000, 0x000000060b800000|100%| O|  |TAMS 0x000000060b800000, 0x000000060b800000| Untracked 
|  46|0x000000060b800000, 0x000000060b800000, 0x000000060bc00000|  0%| F|  |TAMS 0x000000060b800000, 0x000000060b800000| Untracked 
|  47|0x000000060bc00000, 0x000000060c000000, 0x000000060c000000|100%| O|  |TAMS 0x000000060c000000, 0x000000060c000000| Untracked 
|  48|0x000000060c000000, 0x000000060c000000, 0x000000060c400000|  0%| F|  |TAMS 0x000000060c000000, 0x000000060c000000| Untracked 
|  49|0x000000060c400000, 0x000000060c400000, 0x000000060c800000|  0%| F|  |TAMS 0x000000060c400000, 0x000000060c400000| Untracked 
|  50|0x000000060c800000, 0x000000060cc00000, 0x000000060cc00000|100%| O|  |TAMS 0x000000060cc00000, 0x000000060cc00000| Untracked 
|  51|0x000000060cc00000, 0x000000060d000000, 0x000000060d000000|100%| O|  |TAMS 0x000000060d000000, 0x000000060d000000| Untracked 
|  52|0x000000060d000000, 0x000000060d400000, 0x000000060d400000|100%| O|  |TAMS 0x000000060d400000, 0x000000060d400000| Untracked 
|  53|0x000000060d400000, 0x000000060d800000, 0x000000060d800000|100%|HS|  |TAMS 0x000000060d800000, 0x000000060d800000| Complete 
|  54|0x000000060d800000, 0x000000060dc00000, 0x000000060dc00000|100%|HS|  |TAMS 0x000000060dc00000, 0x000000060dc00000| Complete 
|  55|0x000000060dc00000, 0x000000060e000000, 0x000000060e000000|100%|HS|  |TAMS 0x000000060e000000, 0x000000060e000000| Complete 
|  56|0x000000060e000000, 0x000000060e400000, 0x000000060e400000|100%| O|  |TAMS 0x000000060e400000, 0x000000060e400000| Untracked 
|  57|0x000000060e400000, 0x000000060e800000, 0x000000060e800000|100%| O|  |TAMS 0x000000060e800000, 0x000000060e800000| Untracked 
|  58|0x000000060e800000, 0x000000060e800000, 0x000000060ec00000|  0%| F|  |TAMS 0x000000060e800000, 0x000000060e800000| Untracked 
|  59|0x000000060ec00000, 0x000000060f000000, 0x000000060f000000|100%| O|  |TAMS 0x000000060ec00000, 0x000000060f000000| Untracked 
|  60|0x000000060f000000, 0x000000060f000000, 0x000000060f400000|  0%| F|  |TAMS 0x000000060f000000, 0x000000060f000000| Untracked 
|  61|0x000000060f400000, 0x000000060f800000, 0x000000060f800000|100%| O|  |TAMS 0x000000060f800000, 0x000000060f800000| Untracked 
|  62|0x000000060f800000, 0x000000060fc00000, 0x000000060fc00000|100%| O|  |TAMS 0x000000060fc00000, 0x000000060fc00000| Untracked 
|  63|0x000000060fc00000, 0x0000000610000000, 0x0000000610000000|100%| O|  |TAMS 0x0000000610000000, 0x0000000610000000| Untracked 
|  64|0x0000000610000000, 0x0000000610400000, 0x0000000610400000|100%| O|  |TAMS 0x0000000610400000, 0x0000000610400000| Untracked 
|  65|0x0000000610400000, 0x0000000610800000, 0x0000000610800000|100%| O|  |TAMS 0x0000000610800000, 0x0000000610800000| Untracked 
|  66|0x0000000610800000, 0x0000000610800000, 0x0000000610c00000|  0%| F|  |TAMS 0x0000000610800000, 0x0000000610800000| Untracked 
|  67|0x0000000610c00000, 0x0000000611000000, 0x0000000611000000|100%| O|  |TAMS 0x0000000611000000, 0x0000000611000000| Untracked 
|  68|0x0000000611000000, 0x0000000611400000, 0x0000000611400000|100%| O|  |TAMS 0x0000000611400000, 0x0000000611400000| Untracked 
|  69|0x0000000611400000, 0x0000000611800000, 0x0000000611800000|100%| O|  |TAMS 0x0000000611800000, 0x0000000611800000| Untracked 
|  70|0x0000000611800000, 0x0000000611800000, 0x0000000611c00000|  0%| F|  |TAMS 0x0000000611800000, 0x0000000611800000| Untracked 
|  71|0x0000000611c00000, 0x0000000612000000, 0x0000000612000000|100%| O|  |TAMS 0x0000000611c00000, 0x0000000612000000| Untracked 
|  72|0x0000000612000000, 0x0000000612400000, 0x0000000612400000|100%| O|  |TAMS 0x0000000612400000, 0x0000000612400000| Untracked 
|  73|0x0000000612400000, 0x0000000612800000, 0x0000000612800000|100%| O|  |TAMS 0x0000000612400000, 0x0000000612800000| Untracked 
|  74|0x0000000612800000, 0x0000000612c00000, 0x0000000612c00000|100%| O|  |TAMS 0x0000000612800000, 0x0000000612c00000| Untracked 
|  75|0x0000000612c00000, 0x0000000613000000, 0x0000000613000000|100%| O|  |TAMS 0x0000000612c00000, 0x0000000613000000| Untracked 
|  76|0x0000000613000000, 0x0000000613400000, 0x0000000613400000|100%| O|  |TAMS 0x0000000613000000, 0x0000000613400000| Untracked 
|  77|0x0000000613400000, 0x0000000613800000, 0x0000000613800000|100%| O|  |TAMS 0x0000000613800000, 0x0000000613800000| Untracked 
|  78|0x0000000613800000, 0x0000000613c00000, 0x0000000613c00000|100%| O|  |TAMS 0x0000000613c00000, 0x0000000613c00000| Untracked 
|  79|0x0000000613c00000, 0x0000000614000000, 0x0000000614000000|100%| O|  |TAMS 0x0000000614000000, 0x0000000614000000| Untracked 
|  80|0x0000000614000000, 0x0000000614400000, 0x0000000614400000|100%| O|  |TAMS 0x0000000614400000, 0x0000000614400000| Untracked 
|  81|0x0000000614400000, 0x0000000614800000, 0x0000000614800000|100%| O|  |TAMS 0x0000000614400000, 0x0000000614800000| Untracked 
|  82|0x0000000614800000, 0x0000000614c00000, 0x0000000614c00000|100%| O|  |TAMS 0x0000000614c00000, 0x0000000614c00000| Untracked 
|  83|0x0000000614c00000, 0x0000000615000000, 0x0000000615000000|100%| O|  |TAMS 0x0000000615000000, 0x0000000615000000| Untracked 
|  84|0x0000000615000000, 0x0000000615400000, 0x0000000615400000|100%| O|  |TAMS 0x0000000615000000, 0x0000000615400000| Untracked 
|  85|0x0000000615400000, 0x0000000615800000, 0x0000000615800000|100%| O|  |TAMS 0x0000000615400000, 0x0000000615800000| Untracked 
|  86|0x0000000615800000, 0x0000000615c00000, 0x0000000615c00000|100%| O|  |TAMS 0x0000000615800000, 0x0000000615c00000| Untracked 
|  87|0x0000000615c00000, 0x0000000615c00000, 0x0000000616000000|  0%| F|  |TAMS 0x0000000615c00000, 0x0000000615c00000| Untracked 
|  88|0x0000000616000000, 0x0000000616400000, 0x0000000616400000|100%| O|  |TAMS 0x0000000616400000, 0x0000000616400000| Untracked 
|  89|0x0000000616400000, 0x0000000616400000, 0x0000000616800000|  0%| F|  |TAMS 0x0000000616400000, 0x0000000616400000| Untracked 
|  90|0x0000000616800000, 0x0000000616c00000, 0x0000000616c00000|100%| O|  |TAMS 0x0000000616800000, 0x0000000616c00000| Untracked 
|  91|0x0000000616c00000, 0x0000000617000000, 0x0000000617000000|100%| O|  |TAMS 0x0000000616c00000, 0x0000000617000000| Untracked 
|  92|0x0000000617000000, 0x0000000617400000, 0x0000000617400000|100%| O|  |TAMS 0x0000000617000000, 0x0000000617400000| Untracked 
|  93|0x0000000617400000, 0x0000000617800000, 0x0000000617800000|100%| O|  |TAMS 0x0000000617400000, 0x0000000617800000| Untracked 
|  94|0x0000000617800000, 0x0000000617c00000, 0x0000000617c00000|100%| O|  |TAMS 0x0000000617800000, 0x0000000617c00000| Untracked 
|  95|0x0000000617c00000, 0x0000000618000000, 0x0000000618000000|100%| O|  |TAMS 0x0000000617c00000, 0x0000000618000000| Untracked 
|  96|0x0000000618000000, 0x0000000618000000, 0x0000000618400000|  0%| F|  |TAMS 0x0000000618000000, 0x0000000618000000| Untracked 
|  97|0x0000000618400000, 0x0000000618400000, 0x0000000618800000|  0%| F|  |TAMS 0x0000000618400000, 0x0000000618400000| Untracked 
|  98|0x0000000618800000, 0x0000000618c00000, 0x0000000618c00000|100%| O|  |TAMS 0x0000000618800000, 0x0000000618c00000| Untracked 
|  99|0x0000000618c00000, 0x0000000619000000, 0x0000000619000000|100%| O|  |TAMS 0x0000000618c00000, 0x0000000619000000| Untracked 
| 100|0x0000000619000000, 0x0000000619400000, 0x0000000619400000|100%| O|  |TAMS 0x0000000619000000, 0x0000000619400000| Untracked 
| 101|0x0000000619400000, 0x0000000619400000, 0x0000000619800000|  0%| F|  |TAMS 0x0000000619400000, 0x0000000619400000| Untracked 
| 102|0x0000000619800000, 0x0000000619c00000, 0x0000000619c00000|100%| O|  |TAMS 0x0000000619800000, 0x0000000619c00000| Untracked 
| 103|0x0000000619c00000, 0x000000061a000000, 0x000000061a000000|100%| O|  |TAMS 0x0000000619c00000, 0x000000061a000000| Untracked 
| 104|0x000000061a000000, 0x000000061a400000, 0x000000061a400000|100%| O|  |TAMS 0x000000061a000000, 0x000000061a400000| Untracked 
| 105|0x000000061a400000, 0x000000061a400000, 0x000000061a800000|  0%| F|  |TAMS 0x000000061a400000, 0x000000061a400000| Untracked 
| 106|0x000000061a800000, 0x000000061ac00000, 0x000000061ac00000|100%| O|  |TAMS 0x000000061a800000, 0x000000061ac00000| Untracked 
| 107|0x000000061ac00000, 0x000000061b000000, 0x000000061b000000|100%| O|  |TAMS 0x000000061ac00000, 0x000000061b000000| Untracked 
| 108|0x000000061b000000, 0x000000061b400000, 0x000000061b400000|100%|HS|  |TAMS 0x000000061b400000, 0x000000061b400000| Complete 
| 109|0x000000061b400000, 0x000000061b800000, 0x000000061b800000|100%|HC|  |TAMS 0x000000061b800000, 0x000000061b800000| Complete 
| 110|0x000000061b800000, 0x000000061bc00000, 0x000000061bc00000|100%| O|  |TAMS 0x000000061bc00000, 0x000000061bc00000| Untracked 
| 111|0x000000061bc00000, 0x000000061c000000, 0x000000061c000000|100%| O|  |TAMS 0x000000061bc00000, 0x000000061c000000| Untracked 
| 112|0x000000061c000000, 0x000000061c400000, 0x000000061c400000|100%| O|  |TAMS 0x000000061c000000, 0x000000061c400000| Untracked 
| 113|0x000000061c400000, 0x000000061c800000, 0x000000061c800000|100%| O|  |TAMS 0x000000061c400000, 0x000000061c800000| Untracked 
| 114|0x000000061c800000, 0x000000061cc00000, 0x000000061cc00000|100%| O|  |TAMS 0x000000061c800000, 0x000000061cc00000| Untracked 
| 115|0x000000061cc00000, 0x000000061d000000, 0x000000061d000000|100%| O|  |TAMS 0x000000061cc00000, 0x000000061d000000| Untracked 
| 116|0x000000061d000000, 0x000000061d400000, 0x000000061d400000|100%| O|  |TAMS 0x000000061d000000, 0x000000061d400000| Untracked 
| 117|0x000000061d400000, 0x000000061d800000, 0x000000061d800000|100%| O|  |TAMS 0x000000061d400000, 0x000000061d800000| Untracked 
| 118|0x000000061d800000, 0x000000061dc00000, 0x000000061dc00000|100%| O|  |TAMS 0x000000061dc00000, 0x000000061dc00000| Untracked 
| 119|0x000000061dc00000, 0x000000061e000000, 0x000000061e000000|100%| O|  |TAMS 0x000000061e000000, 0x000000061e000000| Untracked 
| 120|0x000000061e000000, 0x000000061e400000, 0x000000061e400000|100%| O|  |TAMS 0x000000061e400000, 0x000000061e400000| Untracked 
| 121|0x000000061e400000, 0x000000061e800000, 0x000000061e800000|100%| O|  |TAMS 0x000000061e800000, 0x000000061e800000| Untracked 
| 122|0x000000061e800000, 0x000000061ec00000, 0x000000061ec00000|100%| O|  |TAMS 0x000000061ec00000, 0x000000061ec00000| Untracked 
| 123|0x000000061ec00000, 0x000000061f000000, 0x000000061f000000|100%| O|  |TAMS 0x000000061f000000, 0x000000061f000000| Untracked 
| 124|0x000000061f000000, 0x000000061f400000, 0x000000061f400000|100%| O|  |TAMS 0x000000061f400000, 0x000000061f400000| Untracked 
| 125|0x000000061f400000, 0x000000061f800000, 0x000000061f800000|100%| O|  |TAMS 0x000000061f400000, 0x000000061f800000| Untracked 
| 126|0x000000061f800000, 0x000000061fc00000, 0x000000061fc00000|100%| O|  |TAMS 0x000000061f800000, 0x000000061fc00000| Untracked 
| 127|0x000000061fc00000, 0x0000000620000000, 0x0000000620000000|100%| O|  |TAMS 0x000000061fc00000, 0x0000000620000000| Untracked 
| 128|0x0000000620000000, 0x0000000620000000, 0x0000000620400000|  0%| F|  |TAMS 0x0000000620000000, 0x0000000620000000| Untracked 
| 129|0x0000000620400000, 0x0000000620800000, 0x0000000620800000|100%| O|  |TAMS 0x0000000620400000, 0x0000000620800000| Untracked 
| 130|0x0000000620800000, 0x0000000620c00000, 0x0000000620c00000|100%| O|  |TAMS 0x0000000620c00000, 0x0000000620c00000| Untracked 
| 131|0x0000000620c00000, 0x0000000621000000, 0x0000000621000000|100%| O|  |TAMS 0x0000000620c00000, 0x0000000621000000| Untracked 
| 132|0x0000000621000000, 0x0000000621400000, 0x0000000621400000|100%| O|  |TAMS 0x0000000621400000, 0x0000000621400000| Untracked 
| 133|0x0000000621400000, 0x0000000621800000, 0x0000000621800000|100%| O|  |TAMS 0x0000000621800000, 0x0000000621800000| Untracked 
| 134|0x0000000621800000, 0x0000000621c00000, 0x0000000621c00000|100%| O|  |TAMS 0x0000000621c00000, 0x0000000621c00000| Untracked 
| 135|0x0000000621c00000, 0x0000000622000000, 0x0000000622000000|100%| O|  |TAMS 0x0000000622000000, 0x0000000622000000| Untracked 
| 136|0x0000000622000000, 0x0000000622400000, 0x0000000622400000|100%| O|  |TAMS 0x0000000622400000, 0x0000000622400000| Untracked 
| 137|0x0000000622400000, 0x0000000622800000, 0x0000000622800000|100%| O|  |TAMS 0x0000000622800000, 0x0000000622800000| Untracked 
| 138|0x0000000622800000, 0x0000000622c00000, 0x0000000622c00000|100%| O|  |TAMS 0x0000000622c00000, 0x0000000622c00000| Untracked 
| 139|0x0000000622c00000, 0x0000000623000000, 0x0000000623000000|100%| O|  |TAMS 0x0000000623000000, 0x0000000623000000| Untracked 
| 140|0x0000000623000000, 0x0000000623400000, 0x0000000623400000|100%| O|  |TAMS 0x0000000623400000, 0x0000000623400000| Untracked 
| 141|0x0000000623400000, 0x0000000623800000, 0x0000000623800000|100%| O|  |TAMS 0x0000000623800000, 0x0000000623800000| Untracked 
| 142|0x0000000623800000, 0x0000000623c00000, 0x0000000623c00000|100%| O|  |TAMS 0x0000000623c00000, 0x0000000623c00000| Untracked 
| 143|0x0000000623c00000, 0x0000000624000000, 0x0000000624000000|100%| O|  |TAMS 0x0000000624000000, 0x0000000624000000| Untracked 
| 144|0x0000000624000000, 0x0000000624400000, 0x0000000624400000|100%| O|  |TAMS 0x0000000624400000, 0x0000000624400000| Untracked 
| 145|0x0000000624400000, 0x0000000624800000, 0x0000000624800000|100%| O|  |TAMS 0x0000000624800000, 0x0000000624800000| Untracked 
| 146|0x0000000624800000, 0x0000000624800000, 0x0000000624c00000|  0%| F|  |TAMS 0x0000000624800000, 0x0000000624800000| Untracked 
| 147|0x0000000624c00000, 0x0000000624c00000, 0x0000000625000000|  0%| F|  |TAMS 0x0000000624c00000, 0x0000000624c00000| Untracked 
| 148|0x0000000625000000, 0x0000000625400000, 0x0000000625400000|100%| O|  |TAMS 0x0000000625400000, 0x0000000625400000| Untracked 
| 149|0x0000000625400000, 0x0000000625800000, 0x0000000625800000|100%| O|  |TAMS 0x0000000625800000, 0x0000000625800000| Untracked 
| 150|0x0000000625800000, 0x0000000625c00000, 0x0000000625c00000|100%| O|  |TAMS 0x00000006259ea000, 0x0000000625c00000| Untracked 
| 151|0x0000000625c00000, 0x0000000626000000, 0x0000000626000000|100%| O|  |TAMS 0x0000000625c00000, 0x0000000626000000| Untracked 
| 152|0x0000000626000000, 0x0000000626400000, 0x0000000626400000|100%| O|  |TAMS 0x0000000626000000, 0x0000000626400000| Untracked 
| 153|0x0000000626400000, 0x0000000626800000, 0x0000000626800000|100%| O|  |TAMS 0x0000000626800000, 0x0000000626800000| Untracked 
| 154|0x0000000626800000, 0x0000000626c00000, 0x0000000626c00000|100%| O|  |TAMS 0x0000000626800000, 0x0000000626c00000| Untracked 
| 155|0x0000000626c00000, 0x0000000627000000, 0x0000000627000000|100%| O|  |TAMS 0x0000000626c00000, 0x0000000627000000| Untracked 
| 156|0x0000000627000000, 0x0000000627400000, 0x0000000627400000|100%| O|  |TAMS 0x0000000627000000, 0x0000000627400000| Untracked 
| 157|0x0000000627400000, 0x0000000627800000, 0x0000000627800000|100%| O|  |TAMS 0x0000000627400000, 0x0000000627800000| Untracked 
| 158|0x0000000627800000, 0x0000000627800000, 0x0000000627c00000|  0%| F|  |TAMS 0x0000000627800000, 0x0000000627800000| Untracked 
| 159|0x0000000627c00000, 0x0000000627c00000, 0x0000000628000000|  0%| F|  |TAMS 0x0000000627c00000, 0x0000000627c00000| Untracked 
| 160|0x0000000628000000, 0x0000000628000000, 0x0000000628400000|  0%| F|  |TAMS 0x0000000628000000, 0x0000000628000000| Untracked 
| 161|0x0000000628400000, 0x0000000628400000, 0x0000000628800000|  0%| F|  |TAMS 0x0000000628400000, 0x0000000628400000| Untracked 
| 162|0x0000000628800000, 0x0000000628c00000, 0x0000000628c00000|100%| O|  |TAMS 0x0000000628800000, 0x0000000628c00000| Untracked 
| 163|0x0000000628c00000, 0x0000000629000000, 0x0000000629000000|100%| O|  |TAMS 0x0000000628c00000, 0x0000000629000000| Untracked 
| 164|0x0000000629000000, 0x0000000629400000, 0x0000000629400000|100%| O|  |TAMS 0x0000000629000000, 0x0000000629400000| Untracked 
| 165|0x0000000629400000, 0x0000000629800000, 0x0000000629800000|100%| O|  |TAMS 0x0000000629400000, 0x0000000629800000| Untracked 
| 166|0x0000000629800000, 0x0000000629800000, 0x0000000629c00000|  0%| F|  |TAMS 0x0000000629800000, 0x0000000629800000| Untracked 
| 167|0x0000000629c00000, 0x0000000629c00000, 0x000000062a000000|  0%| F|  |TAMS 0x0000000629c00000, 0x0000000629c00000| Untracked 
| 168|0x000000062a000000, 0x000000062a400000, 0x000000062a400000|100%| O|  |TAMS 0x000000062a000000, 0x000000062a400000| Untracked 
| 169|0x000000062a400000, 0x000000062a800000, 0x000000062a800000|100%| O|  |TAMS 0x000000062a400000, 0x000000062a800000| Untracked 
| 170|0x000000062a800000, 0x000000062ac00000, 0x000000062ac00000|100%| O|  |TAMS 0x000000062a800000, 0x000000062ac00000| Untracked 
| 171|0x000000062ac00000, 0x000000062b000000, 0x000000062b000000|100%| O|  |TAMS 0x000000062ac00000, 0x000000062b000000| Untracked 
| 172|0x000000062b000000, 0x000000062b400000, 0x000000062b400000|100%| O|  |TAMS 0x000000062b000000, 0x000000062b400000| Untracked 
| 173|0x000000062b400000, 0x000000062b800000, 0x000000062b800000|100%| O|  |TAMS 0x000000062b400000, 0x000000062b800000| Untracked 
| 174|0x000000062b800000, 0x000000062bc00000, 0x000000062bc00000|100%| O|  |TAMS 0x000000062b800000, 0x000000062bc00000| Untracked 
| 175|0x000000062bc00000, 0x000000062c000000, 0x000000062c000000|100%| O|  |TAMS 0x000000062bc00000, 0x000000062c000000| Untracked 
| 176|0x000000062c000000, 0x000000062c400000, 0x000000062c400000|100%| O|  |TAMS 0x000000062c000000, 0x000000062c400000| Untracked 
| 177|0x000000062c400000, 0x000000062c800000, 0x000000062c800000|100%| O|  |TAMS 0x000000062c400000, 0x000000062c800000| Untracked 
| 178|0x000000062c800000, 0x000000062cc00000, 0x000000062cc00000|100%| O|  |TAMS 0x000000062c800000, 0x000000062cc00000| Untracked 
| 179|0x000000062cc00000, 0x000000062d000000, 0x000000062d000000|100%| O|  |TAMS 0x000000062cc00000, 0x000000062d000000| Untracked 
| 180|0x000000062d000000, 0x000000062d400000, 0x000000062d400000|100%| O|  |TAMS 0x000000062d000000, 0x000000062d400000| Untracked 
| 181|0x000000062d400000, 0x000000062d800000, 0x000000062d800000|100%| O|  |TAMS 0x000000062d400000, 0x000000062d800000| Untracked 
| 182|0x000000062d800000, 0x000000062d800000, 0x000000062dc00000|  0%| F|  |TAMS 0x000000062d800000, 0x000000062d800000| Untracked 
| 183|0x000000062dc00000, 0x000000062e000000, 0x000000062e000000|100%| O|  |TAMS 0x000000062dc00000, 0x000000062e000000| Untracked 
| 184|0x000000062e000000, 0x000000062e400000, 0x000000062e400000|100%| O|  |TAMS 0x000000062e000000, 0x000000062e400000| Untracked 
| 185|0x000000062e400000, 0x000000062e800000, 0x000000062e800000|100%| O|  |TAMS 0x000000062e400000, 0x000000062e800000| Untracked 
| 186|0x000000062e800000, 0x000000062ec00000, 0x000000062ec00000|100%| O|  |TAMS 0x000000062e800000, 0x000000062ec00000| Untracked 
| 187|0x000000062ec00000, 0x000000062f000000, 0x000000062f000000|100%| O|  |TAMS 0x000000062ec00000, 0x000000062f000000| Untracked 
| 188|0x000000062f000000, 0x000000062f400000, 0x000000062f400000|100%| O|  |TAMS 0x000000062f000000, 0x000000062f400000| Untracked 
| 189|0x000000062f400000, 0x000000062f800000, 0x000000062f800000|100%| O|  |TAMS 0x000000062f400000, 0x000000062f800000| Untracked 
| 190|0x000000062f800000, 0x000000062fc00000, 0x000000062fc00000|100%| O|  |TAMS 0x000000062f800000, 0x000000062fc00000| Untracked 
| 191|0x000000062fc00000, 0x0000000630000000, 0x0000000630000000|100%| O|  |TAMS 0x000000062fc00000, 0x0000000630000000| Untracked 
| 192|0x0000000630000000, 0x0000000630400000, 0x0000000630400000|100%| O|  |TAMS 0x0000000630000000, 0x0000000630400000| Untracked 
| 193|0x0000000630400000, 0x0000000630800000, 0x0000000630800000|100%| O|  |TAMS 0x0000000630400000, 0x0000000630800000| Untracked 
| 194|0x0000000630800000, 0x0000000630c00000, 0x0000000630c00000|100%| O|  |TAMS 0x0000000630800000, 0x0000000630c00000| Untracked 
| 195|0x0000000630c00000, 0x0000000631000000, 0x0000000631000000|100%| O|  |TAMS 0x0000000630c00000, 0x0000000631000000| Untracked 
| 196|0x0000000631000000, 0x00000006313a3000, 0x0000000631400000| 90%| O|  |TAMS 0x0000000631000000, 0x00000006313a3000| Untracked 
| 197|0x0000000631400000, 0x0000000631400000, 0x0000000631800000|  0%| F|  |TAMS 0x0000000631400000, 0x0000000631400000| Untracked 
| 198|0x0000000631800000, 0x0000000631800000, 0x0000000631c00000|  0%| F|  |TAMS 0x0000000631800000, 0x0000000631800000| Untracked 
| 199|0x0000000631c00000, 0x0000000631c00000, 0x0000000632000000|  0%| F|  |TAMS 0x0000000631c00000, 0x0000000631c00000| Untracked 
| 200|0x0000000632000000, 0x0000000632000000, 0x0000000632400000|  0%| F|  |TAMS 0x0000000632000000, 0x0000000632000000| Untracked 
| 201|0x0000000632400000, 0x0000000632400000, 0x0000000632800000|  0%| F|  |TAMS 0x0000000632400000, 0x0000000632400000| Untracked 
| 202|0x0000000632800000, 0x0000000632800000, 0x0000000632c00000|  0%| F|  |TAMS 0x0000000632800000, 0x0000000632800000| Untracked 
| 203|0x0000000632c00000, 0x0000000632c00000, 0x0000000633000000|  0%| F|  |TAMS 0x0000000632c00000, 0x0000000632c00000| Untracked 
| 204|0x0000000633000000, 0x0000000633000000, 0x0000000633400000|  0%| F|  |TAMS 0x0000000633000000, 0x0000000633000000| Untracked 
| 205|0x0000000633400000, 0x0000000633400000, 0x0000000633800000|  0%| F|  |TAMS 0x0000000633400000, 0x0000000633400000| Untracked 
| 206|0x0000000633800000, 0x0000000633800000, 0x0000000633c00000|  0%| F|  |TAMS 0x0000000633800000, 0x0000000633800000| Untracked 
| 207|0x0000000633c00000, 0x0000000633c00000, 0x0000000634000000|  0%| F|  |TAMS 0x0000000633c00000, 0x0000000633c00000| Untracked 
| 208|0x0000000634000000, 0x0000000634000000, 0x0000000634400000|  0%| F|  |TAMS 0x0000000634000000, 0x0000000634000000| Untracked 
| 209|0x0000000634400000, 0x0000000634400000, 0x0000000634800000|  0%| F|  |TAMS 0x0000000634400000, 0x0000000634400000| Untracked 
| 210|0x0000000634800000, 0x0000000634800000, 0x0000000634c00000|  0%| F|  |TAMS 0x0000000634800000, 0x0000000634800000| Untracked 
| 211|0x0000000634c00000, 0x0000000634c00000, 0x0000000635000000|  0%| F|  |TAMS 0x0000000634c00000, 0x0000000634c00000| Untracked 
| 212|0x0000000635000000, 0x0000000635000000, 0x0000000635400000|  0%| F|  |TAMS 0x0000000635000000, 0x0000000635000000| Untracked 
| 213|0x0000000635400000, 0x0000000635400000, 0x0000000635800000|  0%| F|  |TAMS 0x0000000635400000, 0x0000000635400000| Untracked 
| 214|0x0000000635800000, 0x0000000635800000, 0x0000000635c00000|  0%| F|  |TAMS 0x0000000635800000, 0x0000000635800000| Untracked 
| 215|0x0000000635c00000, 0x0000000635c00000, 0x0000000636000000|  0%| F|  |TAMS 0x0000000635c00000, 0x0000000635c00000| Untracked 
| 216|0x0000000636000000, 0x0000000636000000, 0x0000000636400000|  0%| F|  |TAMS 0x0000000636000000, 0x0000000636000000| Untracked 
| 217|0x0000000636400000, 0x0000000636400000, 0x0000000636800000|  0%| F|  |TAMS 0x0000000636400000, 0x0000000636400000| Untracked 
| 218|0x0000000636800000, 0x0000000636800000, 0x0000000636c00000|  0%| F|  |TAMS 0x0000000636800000, 0x0000000636800000| Untracked 
| 219|0x0000000636c00000, 0x0000000636c00000, 0x0000000637000000|  0%| F|  |TAMS 0x0000000636c00000, 0x0000000636c00000| Untracked 
| 220|0x0000000637000000, 0x0000000637000000, 0x0000000637400000|  0%| F|  |TAMS 0x0000000637000000, 0x0000000637000000| Untracked 
| 221|0x0000000637400000, 0x0000000637400000, 0x0000000637800000|  0%| F|  |TAMS 0x0000000637400000, 0x0000000637400000| Untracked 
| 222|0x0000000637800000, 0x0000000637800000, 0x0000000637c00000|  0%| F|  |TAMS 0x0000000637800000, 0x0000000637800000| Untracked 
| 223|0x0000000637c00000, 0x0000000637c00000, 0x0000000638000000|  0%| F|  |TAMS 0x0000000637c00000, 0x0000000637c00000| Untracked 
| 224|0x0000000638000000, 0x0000000638000000, 0x0000000638400000|  0%| F|  |TAMS 0x0000000638000000, 0x0000000638000000| Untracked 
| 225|0x0000000638400000, 0x0000000638400000, 0x0000000638800000|  0%| F|  |TAMS 0x0000000638400000, 0x0000000638400000| Untracked 
| 226|0x0000000638800000, 0x0000000638800000, 0x0000000638c00000|  0%| F|  |TAMS 0x0000000638800000, 0x0000000638800000| Untracked 
| 227|0x0000000638c00000, 0x0000000638c00000, 0x0000000639000000|  0%| F|  |TAMS 0x0000000638c00000, 0x0000000638c00000| Untracked 
| 228|0x0000000639000000, 0x0000000639000000, 0x0000000639400000|  0%| F|  |TAMS 0x0000000639000000, 0x0000000639000000| Untracked 
| 229|0x0000000639400000, 0x0000000639400000, 0x0000000639800000|  0%| F|  |TAMS 0x0000000639400000, 0x0000000639400000| Untracked 
| 230|0x0000000639800000, 0x0000000639800000, 0x0000000639c00000|  0%| F|  |TAMS 0x0000000639800000, 0x0000000639800000| Untracked 
| 231|0x0000000639c00000, 0x0000000639c00000, 0x000000063a000000|  0%| F|  |TAMS 0x0000000639c00000, 0x0000000639c00000| Untracked 
| 232|0x000000063a000000, 0x000000063a000000, 0x000000063a400000|  0%| F|  |TAMS 0x000000063a000000, 0x000000063a000000| Untracked 
| 233|0x000000063a400000, 0x000000063a400000, 0x000000063a800000|  0%| F|  |TAMS 0x000000063a400000, 0x000000063a400000| Untracked 
| 234|0x000000063a800000, 0x000000063a800000, 0x000000063ac00000|  0%| F|  |TAMS 0x000000063a800000, 0x000000063a800000| Untracked 
| 235|0x000000063ac00000, 0x000000063ac00000, 0x000000063b000000|  0%| F|  |TAMS 0x000000063ac00000, 0x000000063ac00000| Untracked 
| 236|0x000000063b000000, 0x000000063b000000, 0x000000063b400000|  0%| F|  |TAMS 0x000000063b000000, 0x000000063b000000| Untracked 
| 237|0x000000063b400000, 0x000000063b400000, 0x000000063b800000|  0%| F|  |TAMS 0x000000063b400000, 0x000000063b400000| Untracked 
| 238|0x000000063b800000, 0x000000063b800000, 0x000000063bc00000|  0%| F|  |TAMS 0x000000063b800000, 0x000000063b800000| Untracked 
| 239|0x000000063bc00000, 0x000000063bc00000, 0x000000063c000000|  0%| F|  |TAMS 0x000000063bc00000, 0x000000063bc00000| Untracked 
| 240|0x000000063c000000, 0x000000063c000000, 0x000000063c400000|  0%| F|  |TAMS 0x000000063c000000, 0x000000063c000000| Untracked 
| 241|0x000000063c400000, 0x000000063c400000, 0x000000063c800000|  0%| F|  |TAMS 0x000000063c400000, 0x000000063c400000| Untracked 
| 242|0x000000063c800000, 0x000000063c800000, 0x000000063cc00000|  0%| F|  |TAMS 0x000000063c800000, 0x000000063c800000| Untracked 
| 243|0x000000063cc00000, 0x000000063cc00000, 0x000000063d000000|  0%| F|  |TAMS 0x000000063cc00000, 0x000000063cc00000| Untracked 
| 244|0x000000063d000000, 0x000000063d000000, 0x000000063d400000|  0%| F|  |TAMS 0x000000063d000000, 0x000000063d000000| Untracked 
| 245|0x000000063d400000, 0x000000063d400000, 0x000000063d800000|  0%| F|  |TAMS 0x000000063d400000, 0x000000063d400000| Untracked 
| 246|0x000000063d800000, 0x000000063d800000, 0x000000063dc00000|  0%| F|  |TAMS 0x000000063d800000, 0x000000063d800000| Untracked 
| 247|0x000000063dc00000, 0x000000063dc00000, 0x000000063e000000|  0%| F|  |TAMS 0x000000063dc00000, 0x000000063dc00000| Untracked 
| 248|0x000000063e000000, 0x000000063e000000, 0x000000063e400000|  0%| F|  |TAMS 0x000000063e000000, 0x000000063e000000| Untracked 
| 249|0x000000063e400000, 0x000000063e400000, 0x000000063e800000|  0%| F|  |TAMS 0x000000063e400000, 0x000000063e400000| Untracked 
| 250|0x000000063e800000, 0x000000063e800000, 0x000000063ec00000|  0%| F|  |TAMS 0x000000063e800000, 0x000000063e800000| Untracked 
| 251|0x000000063ec00000, 0x000000063ec00000, 0x000000063f000000|  0%| F|  |TAMS 0x000000063ec00000, 0x000000063ec00000| Untracked 
| 252|0x000000063f000000, 0x000000063f000000, 0x000000063f400000|  0%| F|  |TAMS 0x000000063f000000, 0x000000063f000000| Untracked 
| 253|0x000000063f400000, 0x000000063f400000, 0x000000063f800000|  0%| F|  |TAMS 0x000000063f400000, 0x000000063f400000| Untracked 
| 254|0x000000063f800000, 0x000000063f800000, 0x000000063fc00000|  0%| F|  |TAMS 0x000000063f800000, 0x000000063f800000| Untracked 
| 255|0x000000063fc00000, 0x000000063fc00000, 0x0000000640000000|  0%| F|  |TAMS 0x000000063fc00000, 0x000000063fc00000| Untracked 
| 256|0x0000000640000000, 0x0000000640000000, 0x0000000640400000|  0%| F|  |TAMS 0x0000000640000000, 0x0000000640000000| Untracked 
| 257|0x0000000640400000, 0x0000000640400000, 0x0000000640800000|  0%| F|  |TAMS 0x0000000640400000, 0x0000000640400000| Untracked 
| 258|0x0000000640800000, 0x0000000640800000, 0x0000000640c00000|  0%| F|  |TAMS 0x0000000640800000, 0x0000000640800000| Untracked 
| 259|0x0000000640c00000, 0x0000000640c00000, 0x0000000641000000|  0%| F|  |TAMS 0x0000000640c00000, 0x0000000640c00000| Untracked 
| 260|0x0000000641000000, 0x0000000641000000, 0x0000000641400000|  0%| F|  |TAMS 0x0000000641000000, 0x0000000641000000| Untracked 
| 261|0x0000000641400000, 0x0000000641400000, 0x0000000641800000|  0%| F|  |TAMS 0x0000000641400000, 0x0000000641400000| Untracked 
| 262|0x0000000641800000, 0x0000000641800000, 0x0000000641c00000|  0%| F|  |TAMS 0x0000000641800000, 0x0000000641800000| Untracked 
| 263|0x0000000641c00000, 0x0000000641c00000, 0x0000000642000000|  0%| F|  |TAMS 0x0000000641c00000, 0x0000000641c00000| Untracked 
| 264|0x0000000642000000, 0x0000000642000000, 0x0000000642400000|  0%| F|  |TAMS 0x0000000642000000, 0x0000000642000000| Untracked 
| 265|0x0000000642400000, 0x0000000642400000, 0x0000000642800000|  0%| F|  |TAMS 0x0000000642400000, 0x0000000642400000| Untracked 
| 266|0x0000000642800000, 0x0000000642800000, 0x0000000642c00000|  0%| F|  |TAMS 0x0000000642800000, 0x0000000642800000| Untracked 
| 267|0x0000000642c00000, 0x0000000642c00000, 0x0000000643000000|  0%| F|  |TAMS 0x0000000642c00000, 0x0000000642c00000| Untracked 
| 268|0x0000000643000000, 0x0000000643000000, 0x0000000643400000|  0%| F|  |TAMS 0x0000000643000000, 0x0000000643000000| Untracked 
| 269|0x0000000643400000, 0x0000000643400000, 0x0000000643800000|  0%| F|  |TAMS 0x0000000643400000, 0x0000000643400000| Untracked 
| 270|0x0000000643800000, 0x0000000643800000, 0x0000000643c00000|  0%| F|  |TAMS 0x0000000643800000, 0x0000000643800000| Untracked 
| 271|0x0000000643c00000, 0x0000000643c00000, 0x0000000644000000|  0%| F|  |TAMS 0x0000000643c00000, 0x0000000643c00000| Untracked 
| 272|0x0000000644000000, 0x0000000644000000, 0x0000000644400000|  0%| F|  |TAMS 0x0000000644000000, 0x0000000644000000| Untracked 
| 273|0x0000000644400000, 0x0000000644400000, 0x0000000644800000|  0%| F|  |TAMS 0x0000000644400000, 0x0000000644400000| Untracked 
| 274|0x0000000644800000, 0x0000000644800000, 0x0000000644c00000|  0%| F|  |TAMS 0x0000000644800000, 0x0000000644800000| Untracked 
| 275|0x0000000644c00000, 0x0000000644c00000, 0x0000000645000000|  0%| F|  |TAMS 0x0000000644c00000, 0x0000000644c00000| Untracked 
| 276|0x0000000645000000, 0x0000000645000000, 0x0000000645400000|  0%| F|  |TAMS 0x0000000645000000, 0x0000000645000000| Untracked 
| 277|0x0000000645400000, 0x0000000645400000, 0x0000000645800000|  0%| F|  |TAMS 0x0000000645400000, 0x0000000645400000| Untracked 
| 278|0x0000000645800000, 0x0000000645800000, 0x0000000645c00000|  0%| F|  |TAMS 0x0000000645800000, 0x0000000645800000| Untracked 
| 279|0x0000000645c00000, 0x0000000645c00000, 0x0000000646000000|  0%| F|  |TAMS 0x0000000645c00000, 0x0000000645c00000| Untracked 
| 280|0x0000000646000000, 0x0000000646000000, 0x0000000646400000|  0%| F|  |TAMS 0x0000000646000000, 0x0000000646000000| Untracked 
| 281|0x0000000646400000, 0x0000000646400000, 0x0000000646800000|  0%| F|  |TAMS 0x0000000646400000, 0x0000000646400000| Untracked 
| 282|0x0000000646800000, 0x0000000646800000, 0x0000000646c00000|  0%| F|  |TAMS 0x0000000646800000, 0x0000000646800000| Untracked 
| 283|0x0000000646c00000, 0x0000000646c4f8f8, 0x0000000647000000|  7%| S|CS|TAMS 0x0000000646c00000, 0x0000000646c00000| Complete 
| 284|0x0000000647000000, 0x0000000647400000, 0x0000000647400000|100%| S|CS|TAMS 0x0000000647000000, 0x0000000647000000| Complete 
| 285|0x0000000647400000, 0x0000000647800000, 0x0000000647800000|100%| S|CS|TAMS 0x0000000647400000, 0x0000000647400000| Complete 
| 286|0x0000000647800000, 0x0000000647c00000, 0x0000000647c00000|100%| S|CS|TAMS 0x0000000647800000, 0x0000000647800000| Complete 
| 287|0x0000000647c00000, 0x0000000648000000, 0x0000000648000000|100%| S|CS|TAMS 0x0000000647c00000, 0x0000000647c00000| Complete 
| 288|0x0000000648000000, 0x0000000648000000, 0x0000000648400000|  0%| F|  |TAMS 0x0000000648000000, 0x0000000648000000| Untracked 
| 289|0x0000000648400000, 0x0000000648400000, 0x0000000648800000|  0%| F|  |TAMS 0x0000000648400000, 0x0000000648400000| Untracked 
| 290|0x0000000648800000, 0x0000000648800000, 0x0000000648c00000|  0%| F|  |TAMS 0x0000000648800000, 0x0000000648800000| Untracked 
| 291|0x0000000648c00000, 0x0000000648c00000, 0x0000000649000000|  0%| F|  |TAMS 0x0000000648c00000, 0x0000000648c00000| Untracked 
| 292|0x0000000649000000, 0x0000000649000000, 0x0000000649400000|  0%| F|  |TAMS 0x0000000649000000, 0x0000000649000000| Untracked 
| 293|0x0000000649400000, 0x0000000649400000, 0x0000000649800000|  0%| F|  |TAMS 0x0000000649400000, 0x0000000649400000| Untracked 
| 294|0x0000000649800000, 0x0000000649800000, 0x0000000649c00000|  0%| F|  |TAMS 0x0000000649800000, 0x0000000649800000| Untracked 
| 295|0x0000000649c00000, 0x0000000649c00000, 0x000000064a000000|  0%| F|  |TAMS 0x0000000649c00000, 0x0000000649c00000| Untracked 
| 296|0x000000064a000000, 0x000000064a000000, 0x000000064a400000|  0%| F|  |TAMS 0x000000064a000000, 0x000000064a000000| Untracked 
| 297|0x000000064a400000, 0x000000064a400000, 0x000000064a800000|  0%| F|  |TAMS 0x000000064a400000, 0x000000064a400000| Untracked 
| 298|0x000000064a800000, 0x000000064a800000, 0x000000064ac00000|  0%| F|  |TAMS 0x000000064a800000, 0x000000064a800000| Untracked 
| 299|0x000000064ac00000, 0x000000064ac00000, 0x000000064b000000|  0%| F|  |TAMS 0x000000064ac00000, 0x000000064ac00000| Untracked 
| 300|0x000000064b000000, 0x000000064b000000, 0x000000064b400000|  0%| F|  |TAMS 0x000000064b000000, 0x000000064b000000| Untracked 
| 301|0x000000064b400000, 0x000000064b400000, 0x000000064b800000|  0%| F|  |TAMS 0x000000064b400000, 0x000000064b400000| Untracked 
| 302|0x000000064b800000, 0x000000064b800000, 0x000000064bc00000|  0%| F|  |TAMS 0x000000064b800000, 0x000000064b800000| Untracked 
| 303|0x000000064bc00000, 0x000000064bc00000, 0x000000064c000000|  0%| F|  |TAMS 0x000000064bc00000, 0x000000064bc00000| Untracked 
| 304|0x000000064c000000, 0x000000064c000000, 0x000000064c400000|  0%| F|  |TAMS 0x000000064c000000, 0x000000064c000000| Untracked 
| 305|0x000000064c400000, 0x000000064c400000, 0x000000064c800000|  0%| F|  |TAMS 0x000000064c400000, 0x000000064c400000| Untracked 
| 306|0x000000064c800000, 0x000000064c800000, 0x000000064cc00000|  0%| F|  |TAMS 0x000000064c800000, 0x000000064c800000| Untracked 
| 307|0x000000064cc00000, 0x000000064cc00000, 0x000000064d000000|  0%| F|  |TAMS 0x000000064cc00000, 0x000000064cc00000| Untracked 
| 308|0x000000064d000000, 0x000000064d000000, 0x000000064d400000|  0%| F|  |TAMS 0x000000064d000000, 0x000000064d000000| Untracked 
| 309|0x000000064d400000, 0x000000064d400000, 0x000000064d800000|  0%| F|  |TAMS 0x000000064d400000, 0x000000064d400000| Untracked 
| 310|0x000000064d800000, 0x000000064d800000, 0x000000064dc00000|  0%| F|  |TAMS 0x000000064d800000, 0x000000064d800000| Untracked 
| 311|0x000000064dc00000, 0x000000064dc00000, 0x000000064e000000|  0%| F|  |TAMS 0x000000064dc00000, 0x000000064dc00000| Untracked 
| 312|0x000000064e000000, 0x000000064e000000, 0x000000064e400000|  0%| F|  |TAMS 0x000000064e000000, 0x000000064e000000| Untracked 
| 313|0x000000064e400000, 0x000000064e400000, 0x000000064e800000|  0%| F|  |TAMS 0x000000064e400000, 0x000000064e400000| Untracked 
| 314|0x000000064e800000, 0x000000064e800000, 0x000000064ec00000|  0%| F|  |TAMS 0x000000064e800000, 0x000000064e800000| Untracked 
| 315|0x000000064ec00000, 0x000000064ec00000, 0x000000064f000000|  0%| F|  |TAMS 0x000000064ec00000, 0x000000064ec00000| Untracked 
| 316|0x000000064f000000, 0x000000064f000000, 0x000000064f400000|  0%| F|  |TAMS 0x000000064f000000, 0x000000064f000000| Untracked 
| 317|0x000000064f400000, 0x000000064f400000, 0x000000064f800000|  0%| F|  |TAMS 0x000000064f400000, 0x000000064f400000| Untracked 
| 318|0x000000064f800000, 0x000000064f800000, 0x000000064fc00000|  0%| F|  |TAMS 0x000000064f800000, 0x000000064f800000| Untracked 
| 319|0x000000064fc00000, 0x000000064fc00000, 0x0000000650000000|  0%| F|  |TAMS 0x000000064fc00000, 0x000000064fc00000| Untracked 
| 320|0x0000000650000000, 0x0000000650000000, 0x0000000650400000|  0%| F|  |TAMS 0x0000000650000000, 0x0000000650000000| Untracked 
| 321|0x0000000650400000, 0x0000000650400000, 0x0000000650800000|  0%| F|  |TAMS 0x0000000650400000, 0x0000000650400000| Untracked 
| 322|0x0000000650800000, 0x0000000650800000, 0x0000000650c00000|  0%| F|  |TAMS 0x0000000650800000, 0x0000000650800000| Untracked 
| 323|0x0000000650c00000, 0x0000000650c00000, 0x0000000651000000|  0%| F|  |TAMS 0x0000000650c00000, 0x0000000650c00000| Untracked 
| 324|0x0000000651000000, 0x0000000651000000, 0x0000000651400000|  0%| F|  |TAMS 0x0000000651000000, 0x0000000651000000| Untracked 
| 325|0x0000000651400000, 0x0000000651400000, 0x0000000651800000|  0%| F|  |TAMS 0x0000000651400000, 0x0000000651400000| Untracked 
| 326|0x0000000651800000, 0x0000000651800000, 0x0000000651c00000|  0%| F|  |TAMS 0x0000000651800000, 0x0000000651800000| Untracked 
| 327|0x0000000651c00000, 0x0000000651c00000, 0x0000000652000000|  0%| F|  |TAMS 0x0000000651c00000, 0x0000000651c00000| Untracked 
| 328|0x0000000652000000, 0x0000000652000000, 0x0000000652400000|  0%| F|  |TAMS 0x0000000652000000, 0x0000000652000000| Untracked 
| 329|0x0000000652400000, 0x0000000652400000, 0x0000000652800000|  0%| F|  |TAMS 0x0000000652400000, 0x0000000652400000| Untracked 
| 330|0x0000000652800000, 0x0000000652800000, 0x0000000652c00000|  0%| F|  |TAMS 0x0000000652800000, 0x0000000652800000| Untracked 
| 331|0x0000000652c00000, 0x0000000652c00000, 0x0000000653000000|  0%| F|  |TAMS 0x0000000652c00000, 0x0000000652c00000| Untracked 
| 332|0x0000000653000000, 0x0000000653000000, 0x0000000653400000|  0%| F|  |TAMS 0x0000000653000000, 0x0000000653000000| Untracked 
| 333|0x0000000653400000, 0x0000000653400000, 0x0000000653800000|  0%| F|  |TAMS 0x0000000653400000, 0x0000000653400000| Untracked 
| 334|0x0000000653800000, 0x0000000653800000, 0x0000000653c00000|  0%| F|  |TAMS 0x0000000653800000, 0x0000000653800000| Untracked 
| 335|0x0000000653c00000, 0x0000000653c00000, 0x0000000654000000|  0%| F|  |TAMS 0x0000000653c00000, 0x0000000653c00000| Untracked 
| 336|0x0000000654000000, 0x0000000654000000, 0x0000000654400000|  0%| F|  |TAMS 0x0000000654000000, 0x0000000654000000| Untracked 
| 337|0x0000000654400000, 0x0000000654400000, 0x0000000654800000|  0%| F|  |TAMS 0x0000000654400000, 0x0000000654400000| Untracked 
| 338|0x0000000654800000, 0x0000000654800000, 0x0000000654c00000|  0%| F|  |TAMS 0x0000000654800000, 0x0000000654800000| Untracked 
| 339|0x0000000654c00000, 0x0000000654c00000, 0x0000000655000000|  0%| F|  |TAMS 0x0000000654c00000, 0x0000000654c00000| Untracked 
| 340|0x0000000655000000, 0x0000000655000000, 0x0000000655400000|  0%| F|  |TAMS 0x0000000655000000, 0x0000000655000000| Untracked 
| 341|0x0000000655400000, 0x0000000655400000, 0x0000000655800000|  0%| F|  |TAMS 0x0000000655400000, 0x0000000655400000| Untracked 
| 342|0x0000000655800000, 0x0000000655800000, 0x0000000655c00000|  0%| F|  |TAMS 0x0000000655800000, 0x0000000655800000| Untracked 
| 343|0x0000000655c00000, 0x0000000655c00000, 0x0000000656000000|  0%| F|  |TAMS 0x0000000655c00000, 0x0000000655c00000| Untracked 
| 344|0x0000000656000000, 0x0000000656000000, 0x0000000656400000|  0%| F|  |TAMS 0x0000000656000000, 0x0000000656000000| Untracked 
| 345|0x0000000656400000, 0x0000000656400000, 0x0000000656800000|  0%| F|  |TAMS 0x0000000656400000, 0x0000000656400000| Untracked 
| 346|0x0000000656800000, 0x0000000656800000, 0x0000000656c00000|  0%| F|  |TAMS 0x0000000656800000, 0x0000000656800000| Untracked 
| 347|0x0000000656c00000, 0x0000000656c00000, 0x0000000657000000|  0%| F|  |TAMS 0x0000000656c00000, 0x0000000656c00000| Untracked 
| 348|0x0000000657000000, 0x0000000657000000, 0x0000000657400000|  0%| F|  |TAMS 0x0000000657000000, 0x0000000657000000| Untracked 
| 349|0x0000000657400000, 0x0000000657400000, 0x0000000657800000|  0%| F|  |TAMS 0x0000000657400000, 0x0000000657400000| Untracked 
| 350|0x0000000657800000, 0x0000000657800000, 0x0000000657c00000|  0%| F|  |TAMS 0x0000000657800000, 0x0000000657800000| Untracked 
| 351|0x0000000657c00000, 0x0000000657c00000, 0x0000000658000000|  0%| F|  |TAMS 0x0000000657c00000, 0x0000000657c00000| Untracked 
| 352|0x0000000658000000, 0x0000000658000000, 0x0000000658400000|  0%| F|  |TAMS 0x0000000658000000, 0x0000000658000000| Untracked 
| 353|0x0000000658400000, 0x0000000658400000, 0x0000000658800000|  0%| F|  |TAMS 0x0000000658400000, 0x0000000658400000| Untracked 
| 354|0x0000000658800000, 0x0000000658800000, 0x0000000658c00000|  0%| F|  |TAMS 0x0000000658800000, 0x0000000658800000| Untracked 
| 355|0x0000000658c00000, 0x0000000658c00000, 0x0000000659000000|  0%| F|  |TAMS 0x0000000658c00000, 0x0000000658c00000| Untracked 
| 356|0x0000000659000000, 0x0000000659000000, 0x0000000659400000|  0%| F|  |TAMS 0x0000000659000000, 0x0000000659000000| Untracked 
| 357|0x0000000659400000, 0x0000000659400000, 0x0000000659800000|  0%| F|  |TAMS 0x0000000659400000, 0x0000000659400000| Untracked 
| 358|0x0000000659800000, 0x0000000659800000, 0x0000000659c00000|  0%| F|  |TAMS 0x0000000659800000, 0x0000000659800000| Untracked 
| 359|0x0000000659c00000, 0x0000000659c00000, 0x000000065a000000|  0%| F|  |TAMS 0x0000000659c00000, 0x0000000659c00000| Untracked 
| 360|0x000000065a000000, 0x000000065a000000, 0x000000065a400000|  0%| F|  |TAMS 0x000000065a000000, 0x000000065a000000| Untracked 
| 361|0x000000065a400000, 0x000000065a400000, 0x000000065a800000|  0%| F|  |TAMS 0x000000065a400000, 0x000000065a400000| Untracked 
| 362|0x000000065a800000, 0x000000065a800000, 0x000000065ac00000|  0%| F|  |TAMS 0x000000065a800000, 0x000000065a800000| Untracked 
| 363|0x000000065ac00000, 0x000000065ac00000, 0x000000065b000000|  0%| F|  |TAMS 0x000000065ac00000, 0x000000065ac00000| Untracked 
| 364|0x000000065b000000, 0x000000065b000000, 0x000000065b400000|  0%| F|  |TAMS 0x000000065b000000, 0x000000065b000000| Untracked 
| 365|0x000000065b400000, 0x000000065b400000, 0x000000065b800000|  0%| F|  |TAMS 0x000000065b400000, 0x000000065b400000| Untracked 
| 366|0x000000065b800000, 0x000000065b800000, 0x000000065bc00000|  0%| F|  |TAMS 0x000000065b800000, 0x000000065b800000| Untracked 
| 367|0x000000065bc00000, 0x000000065bc00000, 0x000000065c000000|  0%| F|  |TAMS 0x000000065bc00000, 0x000000065bc00000| Untracked 
| 368|0x000000065c000000, 0x000000065c000000, 0x000000065c400000|  0%| F|  |TAMS 0x000000065c000000, 0x000000065c000000| Untracked 
| 369|0x000000065c400000, 0x000000065c400000, 0x000000065c800000|  0%| F|  |TAMS 0x000000065c400000, 0x000000065c400000| Untracked 
| 370|0x000000065c800000, 0x000000065c800000, 0x000000065cc00000|  0%| F|  |TAMS 0x000000065c800000, 0x000000065c800000| Untracked 
| 371|0x000000065cc00000, 0x000000065cc00000, 0x000000065d000000|  0%| F|  |TAMS 0x000000065cc00000, 0x000000065cc00000| Untracked 
| 372|0x000000065d000000, 0x000000065d000000, 0x000000065d400000|  0%| F|  |TAMS 0x000000065d000000, 0x000000065d000000| Untracked 
| 373|0x000000065d400000, 0x000000065d400000, 0x000000065d800000|  0%| F|  |TAMS 0x000000065d400000, 0x000000065d400000| Untracked 
| 374|0x000000065d800000, 0x000000065d800000, 0x000000065dc00000|  0%| F|  |TAMS 0x000000065d800000, 0x000000065d800000| Untracked 
| 375|0x000000065dc00000, 0x000000065dc00000, 0x000000065e000000|  0%| F|  |TAMS 0x000000065dc00000, 0x000000065dc00000| Untracked 
| 376|0x000000065e000000, 0x000000065e000000, 0x000000065e400000|  0%| F|  |TAMS 0x000000065e000000, 0x000000065e000000| Untracked 
| 377|0x000000065e400000, 0x000000065e400000, 0x000000065e800000|  0%| F|  |TAMS 0x000000065e400000, 0x000000065e400000| Untracked 
| 378|0x000000065e800000, 0x000000065e800000, 0x000000065ec00000|  0%| F|  |TAMS 0x000000065e800000, 0x000000065e800000| Untracked 
| 379|0x000000065ec00000, 0x000000065ec00000, 0x000000065f000000|  0%| F|  |TAMS 0x000000065ec00000, 0x000000065ec00000| Untracked 
| 380|0x000000065f000000, 0x000000065f000000, 0x000000065f400000|  0%| F|  |TAMS 0x000000065f000000, 0x000000065f000000| Untracked 
| 381|0x000000065f400000, 0x000000065f400000, 0x000000065f800000|  0%| F|  |TAMS 0x000000065f400000, 0x000000065f400000| Untracked 
| 382|0x000000065f800000, 0x000000065f800000, 0x000000065fc00000|  0%| F|  |TAMS 0x000000065f800000, 0x000000065f800000| Untracked 
| 383|0x000000065fc00000, 0x000000065fc00000, 0x0000000660000000|  0%| F|  |TAMS 0x000000065fc00000, 0x000000065fc00000| Untracked 
| 384|0x0000000660000000, 0x0000000660000000, 0x0000000660400000|  0%| F|  |TAMS 0x0000000660000000, 0x0000000660000000| Untracked 
| 385|0x0000000660400000, 0x0000000660400000, 0x0000000660800000|  0%| F|  |TAMS 0x0000000660400000, 0x0000000660400000| Untracked 
| 386|0x0000000660800000, 0x0000000660800000, 0x0000000660c00000|  0%| F|  |TAMS 0x0000000660800000, 0x0000000660800000| Untracked 
| 387|0x0000000660c00000, 0x0000000660c00000, 0x0000000661000000|  0%| F|  |TAMS 0x0000000660c00000, 0x0000000660c00000| Untracked 
| 388|0x0000000661000000, 0x0000000661000000, 0x0000000661400000|  0%| F|  |TAMS 0x0000000661000000, 0x0000000661000000| Untracked 
| 389|0x0000000661400000, 0x0000000661400000, 0x0000000661800000|  0%| F|  |TAMS 0x0000000661400000, 0x0000000661400000| Untracked 
| 390|0x0000000661800000, 0x0000000661800000, 0x0000000661c00000|  0%| F|  |TAMS 0x0000000661800000, 0x0000000661800000| Untracked 
| 391|0x0000000661c00000, 0x0000000661c00000, 0x0000000662000000|  0%| F|  |TAMS 0x0000000661c00000, 0x0000000661c00000| Untracked 
| 392|0x0000000662000000, 0x0000000662000000, 0x0000000662400000|  0%| F|  |TAMS 0x0000000662000000, 0x0000000662000000| Untracked 
| 393|0x0000000662400000, 0x0000000662400000, 0x0000000662800000|  0%| F|  |TAMS 0x0000000662400000, 0x0000000662400000| Untracked 
| 394|0x0000000662800000, 0x0000000662800000, 0x0000000662c00000|  0%| F|  |TAMS 0x0000000662800000, 0x0000000662800000| Untracked 
| 395|0x0000000662c00000, 0x0000000662c00000, 0x0000000663000000|  0%| F|  |TAMS 0x0000000662c00000, 0x0000000662c00000| Untracked 
| 396|0x0000000663000000, 0x0000000663000000, 0x0000000663400000|  0%| F|  |TAMS 0x0000000663000000, 0x0000000663000000| Untracked 
| 397|0x0000000663400000, 0x0000000663400000, 0x0000000663800000|  0%| F|  |TAMS 0x0000000663400000, 0x0000000663400000| Untracked 
| 398|0x0000000663800000, 0x0000000663800000, 0x0000000663c00000|  0%| F|  |TAMS 0x0000000663800000, 0x0000000663800000| Untracked 
| 399|0x0000000663c00000, 0x0000000663c00000, 0x0000000664000000|  0%| F|  |TAMS 0x0000000663c00000, 0x0000000663c00000| Untracked 
| 400|0x0000000664000000, 0x0000000664000000, 0x0000000664400000|  0%| F|  |TAMS 0x0000000664000000, 0x0000000664000000| Untracked 
| 401|0x0000000664400000, 0x0000000664400000, 0x0000000664800000|  0%| F|  |TAMS 0x0000000664400000, 0x0000000664400000| Untracked 
| 402|0x0000000664800000, 0x0000000664800000, 0x0000000664c00000|  0%| F|  |TAMS 0x0000000664800000, 0x0000000664800000| Untracked 
| 403|0x0000000664c00000, 0x0000000664c00000, 0x0000000665000000|  0%| F|  |TAMS 0x0000000664c00000, 0x0000000664c00000| Untracked 
| 404|0x0000000665000000, 0x0000000665000000, 0x0000000665400000|  0%| F|  |TAMS 0x0000000665000000, 0x0000000665000000| Untracked 
| 405|0x0000000665400000, 0x0000000665400000, 0x0000000665800000|  0%| F|  |TAMS 0x0000000665400000, 0x0000000665400000| Untracked 
| 406|0x0000000665800000, 0x0000000665800000, 0x0000000665c00000|  0%| F|  |TAMS 0x0000000665800000, 0x0000000665800000| Untracked 
| 407|0x0000000665c00000, 0x0000000665c00000, 0x0000000666000000|  0%| F|  |TAMS 0x0000000665c00000, 0x0000000665c00000| Untracked 
| 408|0x0000000666000000, 0x0000000666000000, 0x0000000666400000|  0%| F|  |TAMS 0x0000000666000000, 0x0000000666000000| Untracked 
| 409|0x0000000666400000, 0x0000000666400000, 0x0000000666800000|  0%| F|  |TAMS 0x0000000666400000, 0x0000000666400000| Untracked 
| 410|0x0000000666800000, 0x0000000666800000, 0x0000000666c00000|  0%| F|  |TAMS 0x0000000666800000, 0x0000000666800000| Untracked 
| 411|0x0000000666c00000, 0x0000000666c00000, 0x0000000667000000|  0%| F|  |TAMS 0x0000000666c00000, 0x0000000666c00000| Untracked 
| 412|0x0000000667000000, 0x0000000667000000, 0x0000000667400000|  0%| F|  |TAMS 0x0000000667000000, 0x0000000667000000| Untracked 
| 413|0x0000000667400000, 0x0000000667400000, 0x0000000667800000|  0%| F|  |TAMS 0x0000000667400000, 0x0000000667400000| Untracked 
| 414|0x0000000667800000, 0x0000000667800000, 0x0000000667c00000|  0%| F|  |TAMS 0x0000000667800000, 0x0000000667800000| Untracked 
| 415|0x0000000667c00000, 0x0000000667c00000, 0x0000000668000000|  0%| F|  |TAMS 0x0000000667c00000, 0x0000000667c00000| Untracked 
| 416|0x0000000668000000, 0x0000000668000000, 0x0000000668400000|  0%| F|  |TAMS 0x0000000668000000, 0x0000000668000000| Untracked 
| 417|0x0000000668400000, 0x0000000668400000, 0x0000000668800000|  0%| F|  |TAMS 0x0000000668400000, 0x0000000668400000| Untracked 
| 418|0x0000000668800000, 0x0000000668800000, 0x0000000668c00000|  0%| F|  |TAMS 0x0000000668800000, 0x0000000668800000| Untracked 
| 419|0x0000000668c00000, 0x0000000668c00000, 0x0000000669000000|  0%| F|  |TAMS 0x0000000668c00000, 0x0000000668c00000| Untracked 
| 420|0x0000000669000000, 0x0000000669000000, 0x0000000669400000|  0%| F|  |TAMS 0x0000000669000000, 0x0000000669000000| Untracked 
| 421|0x0000000669400000, 0x0000000669400000, 0x0000000669800000|  0%| F|  |TAMS 0x0000000669400000, 0x0000000669400000| Untracked 
| 422|0x0000000669800000, 0x0000000669800000, 0x0000000669c00000|  0%| F|  |TAMS 0x0000000669800000, 0x0000000669800000| Untracked 
| 423|0x0000000669c00000, 0x0000000669c00000, 0x000000066a000000|  0%| F|  |TAMS 0x0000000669c00000, 0x0000000669c00000| Untracked 
| 424|0x000000066a000000, 0x000000066a000000, 0x000000066a400000|  0%| F|  |TAMS 0x000000066a000000, 0x000000066a000000| Untracked 
| 425|0x000000066a400000, 0x000000066a400000, 0x000000066a800000|  0%| F|  |TAMS 0x000000066a400000, 0x000000066a400000| Untracked 
| 426|0x000000066a800000, 0x000000066a800000, 0x000000066ac00000|  0%| F|  |TAMS 0x000000066a800000, 0x000000066a800000| Untracked 
| 427|0x000000066ac00000, 0x000000066ac00000, 0x000000066b000000|  0%| F|  |TAMS 0x000000066ac00000, 0x000000066ac00000| Untracked 
| 428|0x000000066b000000, 0x000000066b000000, 0x000000066b400000|  0%| F|  |TAMS 0x000000066b000000, 0x000000066b000000| Untracked 
| 429|0x000000066b400000, 0x000000066b400000, 0x000000066b800000|  0%| F|  |TAMS 0x000000066b400000, 0x000000066b400000| Untracked 
| 430|0x000000066b800000, 0x000000066b800000, 0x000000066bc00000|  0%| F|  |TAMS 0x000000066b800000, 0x000000066b800000| Untracked 
| 431|0x000000066bc00000, 0x000000066bc00000, 0x000000066c000000|  0%| F|  |TAMS 0x000000066bc00000, 0x000000066bc00000| Untracked 
| 432|0x000000066c000000, 0x000000066c000000, 0x000000066c400000|  0%| F|  |TAMS 0x000000066c000000, 0x000000066c000000| Untracked 
| 433|0x000000066c400000, 0x000000066c400000, 0x000000066c800000|  0%| F|  |TAMS 0x000000066c400000, 0x000000066c400000| Untracked 
| 434|0x000000066c800000, 0x000000066c800000, 0x000000066cc00000|  0%| F|  |TAMS 0x000000066c800000, 0x000000066c800000| Untracked 
| 435|0x000000066cc00000, 0x000000066cc00000, 0x000000066d000000|  0%| F|  |TAMS 0x000000066cc00000, 0x000000066cc00000| Untracked 
| 436|0x000000066d000000, 0x000000066d000000, 0x000000066d400000|  0%| F|  |TAMS 0x000000066d000000, 0x000000066d000000| Untracked 
| 437|0x000000066d400000, 0x000000066d400000, 0x000000066d800000|  0%| F|  |TAMS 0x000000066d400000, 0x000000066d400000| Untracked 
| 438|0x000000066d800000, 0x000000066d800000, 0x000000066dc00000|  0%| F|  |TAMS 0x000000066d800000, 0x000000066d800000| Untracked 
| 439|0x000000066dc00000, 0x000000066dc00000, 0x000000066e000000|  0%| F|  |TAMS 0x000000066dc00000, 0x000000066dc00000| Untracked 
| 440|0x000000066e000000, 0x000000066e000000, 0x000000066e400000|  0%| F|  |TAMS 0x000000066e000000, 0x000000066e000000| Untracked 
| 441|0x000000066e400000, 0x000000066e400000, 0x000000066e800000|  0%| F|  |TAMS 0x000000066e400000, 0x000000066e400000| Untracked 
| 442|0x000000066e800000, 0x000000066e800000, 0x000000066ec00000|  0%| F|  |TAMS 0x000000066e800000, 0x000000066e800000| Untracked 
| 443|0x000000066ec00000, 0x000000066ec00000, 0x000000066f000000|  0%| F|  |TAMS 0x000000066ec00000, 0x000000066ec00000| Untracked 
| 444|0x000000066f000000, 0x000000066f000000, 0x000000066f400000|  0%| F|  |TAMS 0x000000066f000000, 0x000000066f000000| Untracked 
| 445|0x000000066f400000, 0x000000066f400000, 0x000000066f800000|  0%| F|  |TAMS 0x000000066f400000, 0x000000066f400000| Untracked 
| 446|0x000000066f800000, 0x000000066f800000, 0x000000066fc00000|  0%| F|  |TAMS 0x000000066f800000, 0x000000066f800000| Untracked 
| 447|0x000000066fc00000, 0x000000066fc00000, 0x0000000670000000|  0%| F|  |TAMS 0x000000066fc00000, 0x000000066fc00000| Untracked 
| 448|0x0000000670000000, 0x0000000670000000, 0x0000000670400000|  0%| F|  |TAMS 0x0000000670000000, 0x0000000670000000| Untracked 
| 449|0x0000000670400000, 0x0000000670400000, 0x0000000670800000|  0%| F|  |TAMS 0x0000000670400000, 0x0000000670400000| Untracked 
| 450|0x0000000670800000, 0x0000000670800000, 0x0000000670c00000|  0%| F|  |TAMS 0x0000000670800000, 0x0000000670800000| Untracked 
| 451|0x0000000670c00000, 0x0000000670c00000, 0x0000000671000000|  0%| F|  |TAMS 0x0000000670c00000, 0x0000000670c00000| Untracked 
| 452|0x0000000671000000, 0x0000000671000000, 0x0000000671400000|  0%| F|  |TAMS 0x0000000671000000, 0x0000000671000000| Untracked 
| 453|0x0000000671400000, 0x0000000671400000, 0x0000000671800000|  0%| F|  |TAMS 0x0000000671400000, 0x0000000671400000| Untracked 
| 454|0x0000000671800000, 0x0000000671800000, 0x0000000671c00000|  0%| F|  |TAMS 0x0000000671800000, 0x0000000671800000| Untracked 
| 455|0x0000000671c00000, 0x0000000671c00000, 0x0000000672000000|  0%| F|  |TAMS 0x0000000671c00000, 0x0000000671c00000| Untracked 
| 456|0x0000000672000000, 0x0000000672000000, 0x0000000672400000|  0%| F|  |TAMS 0x0000000672000000, 0x0000000672000000| Untracked 
| 457|0x0000000672400000, 0x0000000672400000, 0x0000000672800000|  0%| F|  |TAMS 0x0000000672400000, 0x0000000672400000| Untracked 
| 458|0x0000000672800000, 0x0000000672800000, 0x0000000672c00000|  0%| F|  |TAMS 0x0000000672800000, 0x0000000672800000| Untracked 
| 459|0x0000000672c00000, 0x0000000672c00000, 0x0000000673000000|  0%| F|  |TAMS 0x0000000672c00000, 0x0000000672c00000| Untracked 
| 460|0x0000000673000000, 0x0000000673000000, 0x0000000673400000|  0%| F|  |TAMS 0x0000000673000000, 0x0000000673000000| Untracked 
| 461|0x0000000673400000, 0x0000000673400000, 0x0000000673800000|  0%| F|  |TAMS 0x0000000673400000, 0x0000000673400000| Untracked 
| 462|0x0000000673800000, 0x0000000673800000, 0x0000000673c00000|  0%| F|  |TAMS 0x0000000673800000, 0x0000000673800000| Untracked 
| 463|0x0000000673c00000, 0x0000000673c00000, 0x0000000674000000|  0%| F|  |TAMS 0x0000000673c00000, 0x0000000673c00000| Untracked 
| 464|0x0000000674000000, 0x0000000674000000, 0x0000000674400000|  0%| F|  |TAMS 0x0000000674000000, 0x0000000674000000| Untracked 
| 465|0x0000000674400000, 0x0000000674400000, 0x0000000674800000|  0%| F|  |TAMS 0x0000000674400000, 0x0000000674400000| Untracked 
| 466|0x0000000674800000, 0x0000000674800000, 0x0000000674c00000|  0%| F|  |TAMS 0x0000000674800000, 0x0000000674800000| Untracked 
| 467|0x0000000674c00000, 0x0000000674c00000, 0x0000000675000000|  0%| F|  |TAMS 0x0000000674c00000, 0x0000000674c00000| Untracked 
| 468|0x0000000675000000, 0x0000000675000000, 0x0000000675400000|  0%| F|  |TAMS 0x0000000675000000, 0x0000000675000000| Untracked 
| 469|0x0000000675400000, 0x0000000675400000, 0x0000000675800000|  0%| F|  |TAMS 0x0000000675400000, 0x0000000675400000| Untracked 
| 470|0x0000000675800000, 0x0000000675800000, 0x0000000675c00000|  0%| F|  |TAMS 0x0000000675800000, 0x0000000675800000| Untracked 
| 471|0x0000000675c00000, 0x0000000675c00000, 0x0000000676000000|  0%| F|  |TAMS 0x0000000675c00000, 0x0000000675c00000| Untracked 
| 472|0x0000000676000000, 0x0000000676000000, 0x0000000676400000|  0%| F|  |TAMS 0x0000000676000000, 0x0000000676000000| Untracked 
| 473|0x0000000676400000, 0x0000000676400000, 0x0000000676800000|  0%| F|  |TAMS 0x0000000676400000, 0x0000000676400000| Untracked 
| 474|0x0000000676800000, 0x0000000676800000, 0x0000000676c00000|  0%| F|  |TAMS 0x0000000676800000, 0x0000000676800000| Untracked 
| 475|0x0000000676c00000, 0x0000000676c00000, 0x0000000677000000|  0%| F|  |TAMS 0x0000000676c00000, 0x0000000676c00000| Untracked 
| 476|0x0000000677000000, 0x0000000677000000, 0x0000000677400000|  0%| F|  |TAMS 0x0000000677000000, 0x0000000677000000| Untracked 
| 477|0x0000000677400000, 0x0000000677400000, 0x0000000677800000|  0%| F|  |TAMS 0x0000000677400000, 0x0000000677400000| Untracked 
| 478|0x0000000677800000, 0x0000000677800000, 0x0000000677c00000|  0%| F|  |TAMS 0x0000000677800000, 0x0000000677800000| Untracked 
| 479|0x0000000677c00000, 0x0000000677c00000, 0x0000000678000000|  0%| F|  |TAMS 0x0000000677c00000, 0x0000000677c00000| Untracked 
| 480|0x0000000678000000, 0x0000000678000000, 0x0000000678400000|  0%| F|  |TAMS 0x0000000678000000, 0x0000000678000000| Untracked 
| 481|0x0000000678400000, 0x0000000678400000, 0x0000000678800000|  0%| F|  |TAMS 0x0000000678400000, 0x0000000678400000| Untracked 
| 482|0x0000000678800000, 0x0000000678800000, 0x0000000678c00000|  0%| F|  |TAMS 0x0000000678800000, 0x0000000678800000| Untracked 
| 483|0x0000000678c00000, 0x0000000678c00000, 0x0000000679000000|  0%| F|  |TAMS 0x0000000678c00000, 0x0000000678c00000| Untracked 
| 484|0x0000000679000000, 0x0000000679000000, 0x0000000679400000|  0%| F|  |TAMS 0x0000000679000000, 0x0000000679000000| Untracked 
| 485|0x0000000679400000, 0x0000000679400000, 0x0000000679800000|  0%| F|  |TAMS 0x0000000679400000, 0x0000000679400000| Untracked 
| 486|0x0000000679800000, 0x0000000679800000, 0x0000000679c00000|  0%| F|  |TAMS 0x0000000679800000, 0x0000000679800000| Untracked 
| 487|0x0000000679c00000, 0x0000000679c00000, 0x000000067a000000|  0%| F|  |TAMS 0x0000000679c00000, 0x0000000679c00000| Untracked 
| 488|0x000000067a000000, 0x000000067a000000, 0x000000067a400000|  0%| F|  |TAMS 0x000000067a000000, 0x000000067a000000| Untracked 
| 489|0x000000067a400000, 0x000000067a400000, 0x000000067a800000|  0%| F|  |TAMS 0x000000067a400000, 0x000000067a400000| Untracked 
| 490|0x000000067a800000, 0x000000067a800000, 0x000000067ac00000|  0%| F|  |TAMS 0x000000067a800000, 0x000000067a800000| Untracked 
| 491|0x000000067ac00000, 0x000000067ac00000, 0x000000067b000000|  0%| F|  |TAMS 0x000000067ac00000, 0x000000067ac00000| Untracked 
| 492|0x000000067b000000, 0x000000067b000000, 0x000000067b400000|  0%| F|  |TAMS 0x000000067b000000, 0x000000067b000000| Untracked 
| 493|0x000000067b400000, 0x000000067b400000, 0x000000067b800000|  0%| F|  |TAMS 0x000000067b400000, 0x000000067b400000| Untracked 
| 494|0x000000067b800000, 0x000000067b800000, 0x000000067bc00000|  0%| F|  |TAMS 0x000000067b800000, 0x000000067b800000| Untracked 
| 495|0x000000067bc00000, 0x000000067bc00000, 0x000000067c000000|  0%| F|  |TAMS 0x000000067bc00000, 0x000000067bc00000| Untracked 
| 496|0x000000067c000000, 0x000000067c000000, 0x000000067c400000|  0%| F|  |TAMS 0x000000067c000000, 0x000000067c000000| Untracked 
| 497|0x000000067c400000, 0x000000067c400000, 0x000000067c800000|  0%| F|  |TAMS 0x000000067c400000, 0x000000067c400000| Untracked 
| 498|0x000000067c800000, 0x000000067c800000, 0x000000067cc00000|  0%| F|  |TAMS 0x000000067c800000, 0x000000067c800000| Untracked 
| 499|0x000000067cc00000, 0x000000067cc00000, 0x000000067d000000|  0%| F|  |TAMS 0x000000067cc00000, 0x000000067cc00000| Untracked 
| 500|0x000000067d000000, 0x000000067d000000, 0x000000067d400000|  0%| F|  |TAMS 0x000000067d000000, 0x000000067d000000| Untracked 
| 501|0x000000067d400000, 0x000000067d400000, 0x000000067d800000|  0%| F|  |TAMS 0x000000067d400000, 0x000000067d400000| Untracked 
| 502|0x000000067d800000, 0x000000067d800000, 0x000000067dc00000|  0%| F|  |TAMS 0x000000067d800000, 0x000000067d800000| Untracked 
| 503|0x000000067dc00000, 0x000000067dc00000, 0x000000067e000000|  0%| F|  |TAMS 0x000000067dc00000, 0x000000067dc00000| Untracked 
| 504|0x000000067e000000, 0x000000067e000000, 0x000000067e400000|  0%| F|  |TAMS 0x000000067e000000, 0x000000067e000000| Untracked 
| 505|0x000000067e400000, 0x000000067e400000, 0x000000067e800000|  0%| F|  |TAMS 0x000000067e400000, 0x000000067e400000| Untracked 
| 506|0x000000067e800000, 0x000000067e800000, 0x000000067ec00000|  0%| F|  |TAMS 0x000000067e800000, 0x000000067e800000| Untracked 
| 507|0x000000067ec00000, 0x000000067ec00000, 0x000000067f000000|  0%| F|  |TAMS 0x000000067ec00000, 0x000000067ec00000| Untracked 
| 508|0x000000067f000000, 0x000000067f000000, 0x000000067f400000|  0%| F|  |TAMS 0x000000067f000000, 0x000000067f000000| Untracked 
| 509|0x000000067f400000, 0x000000067f400000, 0x000000067f800000|  0%| F|  |TAMS 0x000000067f400000, 0x000000067f400000| Untracked 
| 510|0x000000067f800000, 0x000000067f800000, 0x000000067fc00000|  0%| F|  |TAMS 0x000000067f800000, 0x000000067f800000| Untracked 
| 511|0x000000067fc00000, 0x000000067fc00000, 0x0000000680000000|  0%| F|  |TAMS 0x000000067fc00000, 0x000000067fc00000| Untracked 
| 512|0x0000000680000000, 0x0000000680000000, 0x0000000680400000|  0%| F|  |TAMS 0x0000000680000000, 0x0000000680000000| Untracked 
| 513|0x0000000680400000, 0x0000000680400000, 0x0000000680800000|  0%| F|  |TAMS 0x0000000680400000, 0x0000000680400000| Untracked 
| 514|0x0000000680800000, 0x0000000680800000, 0x0000000680c00000|  0%| F|  |TAMS 0x0000000680800000, 0x0000000680800000| Untracked 
| 515|0x0000000680c00000, 0x0000000680c00000, 0x0000000681000000|  0%| F|  |TAMS 0x0000000680c00000, 0x0000000680c00000| Untracked 
| 516|0x0000000681000000, 0x0000000681000000, 0x0000000681400000|  0%| F|  |TAMS 0x0000000681000000, 0x0000000681000000| Untracked 
| 517|0x0000000681400000, 0x0000000681400000, 0x0000000681800000|  0%| F|  |TAMS 0x0000000681400000, 0x0000000681400000| Untracked 
| 518|0x0000000681800000, 0x0000000681800000, 0x0000000681c00000|  0%| F|  |TAMS 0x0000000681800000, 0x0000000681800000| Untracked 
| 519|0x0000000681c00000, 0x0000000681c00000, 0x0000000682000000|  0%| F|  |TAMS 0x0000000681c00000, 0x0000000681c00000| Untracked 
| 520|0x0000000682000000, 0x0000000682000000, 0x0000000682400000|  0%| F|  |TAMS 0x0000000682000000, 0x0000000682000000| Untracked 
| 521|0x0000000682400000, 0x0000000682400000, 0x0000000682800000|  0%| F|  |TAMS 0x0000000682400000, 0x0000000682400000| Untracked 
| 522|0x0000000682800000, 0x0000000682800000, 0x0000000682c00000|  0%| F|  |TAMS 0x0000000682800000, 0x0000000682800000| Untracked 
| 523|0x0000000682c00000, 0x0000000682c00000, 0x0000000683000000|  0%| F|  |TAMS 0x0000000682c00000, 0x0000000682c00000| Untracked 
| 524|0x0000000683000000, 0x0000000683000000, 0x0000000683400000|  0%| F|  |TAMS 0x0000000683000000, 0x0000000683000000| Untracked 
| 525|0x0000000683400000, 0x0000000683400000, 0x0000000683800000|  0%| F|  |TAMS 0x0000000683400000, 0x0000000683400000| Untracked 
| 526|0x0000000683800000, 0x0000000683800000, 0x0000000683c00000|  0%| F|  |TAMS 0x0000000683800000, 0x0000000683800000| Untracked 
| 527|0x0000000683c00000, 0x0000000683c00000, 0x0000000684000000|  0%| F|  |TAMS 0x0000000683c00000, 0x0000000683c00000| Untracked 
| 528|0x0000000684000000, 0x0000000684000000, 0x0000000684400000|  0%| F|  |TAMS 0x0000000684000000, 0x0000000684000000| Untracked 
| 529|0x0000000684400000, 0x0000000684400000, 0x0000000684800000|  0%| F|  |TAMS 0x0000000684400000, 0x0000000684400000| Untracked 
| 530|0x0000000684800000, 0x0000000684800000, 0x0000000684c00000|  0%| F|  |TAMS 0x0000000684800000, 0x0000000684800000| Untracked 
| 531|0x0000000684c00000, 0x0000000684c00000, 0x0000000685000000|  0%| F|  |TAMS 0x0000000684c00000, 0x0000000684c00000| Untracked 
| 532|0x0000000685000000, 0x0000000685000000, 0x0000000685400000|  0%| F|  |TAMS 0x0000000685000000, 0x0000000685000000| Untracked 
| 533|0x0000000685400000, 0x0000000685400000, 0x0000000685800000|  0%| F|  |TAMS 0x0000000685400000, 0x0000000685400000| Untracked 
| 534|0x0000000685800000, 0x0000000685800000, 0x0000000685c00000|  0%| F|  |TAMS 0x0000000685800000, 0x0000000685800000| Untracked 
| 535|0x0000000685c00000, 0x0000000685c00000, 0x0000000686000000|  0%| F|  |TAMS 0x0000000685c00000, 0x0000000685c00000| Untracked 
| 536|0x0000000686000000, 0x0000000686000000, 0x0000000686400000|  0%| F|  |TAMS 0x0000000686000000, 0x0000000686000000| Untracked 
| 537|0x0000000686400000, 0x0000000686400000, 0x0000000686800000|  0%| F|  |TAMS 0x0000000686400000, 0x0000000686400000| Untracked 
| 538|0x0000000686800000, 0x0000000686800000, 0x0000000686c00000|  0%| F|  |TAMS 0x0000000686800000, 0x0000000686800000| Untracked 
| 539|0x0000000686c00000, 0x0000000686c00000, 0x0000000687000000|  0%| F|  |TAMS 0x0000000686c00000, 0x0000000686c00000| Untracked 
| 540|0x0000000687000000, 0x0000000687000000, 0x0000000687400000|  0%| F|  |TAMS 0x0000000687000000, 0x0000000687000000| Untracked 
| 541|0x0000000687400000, 0x0000000687400000, 0x0000000687800000|  0%| F|  |TAMS 0x0000000687400000, 0x0000000687400000| Untracked 
| 542|0x0000000687800000, 0x0000000687800000, 0x0000000687c00000|  0%| F|  |TAMS 0x0000000687800000, 0x0000000687800000| Untracked 
| 543|0x0000000687c00000, 0x0000000687c00000, 0x0000000688000000|  0%| F|  |TAMS 0x0000000687c00000, 0x0000000687c00000| Untracked 
| 544|0x0000000688000000, 0x0000000688000000, 0x0000000688400000|  0%| F|  |TAMS 0x0000000688000000, 0x0000000688000000| Untracked 
| 545|0x0000000688400000, 0x0000000688400000, 0x0000000688800000|  0%| F|  |TAMS 0x0000000688400000, 0x0000000688400000| Untracked 
| 546|0x0000000688800000, 0x0000000688800000, 0x0000000688c00000|  0%| F|  |TAMS 0x0000000688800000, 0x0000000688800000| Untracked 
| 547|0x0000000688c00000, 0x0000000688c00000, 0x0000000689000000|  0%| F|  |TAMS 0x0000000688c00000, 0x0000000688c00000| Untracked 
| 548|0x0000000689000000, 0x0000000689000000, 0x0000000689400000|  0%| F|  |TAMS 0x0000000689000000, 0x0000000689000000| Untracked 
| 549|0x0000000689400000, 0x0000000689400000, 0x0000000689800000|  0%| F|  |TAMS 0x0000000689400000, 0x0000000689400000| Untracked 
| 550|0x0000000689800000, 0x0000000689800000, 0x0000000689c00000|  0%| F|  |TAMS 0x0000000689800000, 0x0000000689800000| Untracked 
| 551|0x0000000689c00000, 0x0000000689c00000, 0x000000068a000000|  0%| F|  |TAMS 0x0000000689c00000, 0x0000000689c00000| Untracked 
| 552|0x000000068a000000, 0x000000068a000000, 0x000000068a400000|  0%| F|  |TAMS 0x000000068a000000, 0x000000068a000000| Untracked 
| 553|0x000000068a400000, 0x000000068a400000, 0x000000068a800000|  0%| F|  |TAMS 0x000000068a400000, 0x000000068a400000| Untracked 
| 554|0x000000068a800000, 0x000000068a800000, 0x000000068ac00000|  0%| F|  |TAMS 0x000000068a800000, 0x000000068a800000| Untracked 
| 555|0x000000068ac00000, 0x000000068ac00000, 0x000000068b000000|  0%| F|  |TAMS 0x000000068ac00000, 0x000000068ac00000| Untracked 
| 556|0x000000068b000000, 0x000000068b000000, 0x000000068b400000|  0%| F|  |TAMS 0x000000068b000000, 0x000000068b000000| Untracked 
| 557|0x000000068b400000, 0x000000068b400000, 0x000000068b800000|  0%| F|  |TAMS 0x000000068b400000, 0x000000068b400000| Untracked 
| 558|0x000000068b800000, 0x000000068b800000, 0x000000068bc00000|  0%| F|  |TAMS 0x000000068b800000, 0x000000068b800000| Untracked 
| 559|0x000000068bc00000, 0x000000068bc00000, 0x000000068c000000|  0%| F|  |TAMS 0x000000068bc00000, 0x000000068bc00000| Untracked 
| 560|0x000000068c000000, 0x000000068c000000, 0x000000068c400000|  0%| F|  |TAMS 0x000000068c000000, 0x000000068c000000| Untracked 
| 561|0x000000068c400000, 0x000000068c400000, 0x000000068c800000|  0%| F|  |TAMS 0x000000068c400000, 0x000000068c400000| Untracked 
| 562|0x000000068c800000, 0x000000068c800000, 0x000000068cc00000|  0%| F|  |TAMS 0x000000068c800000, 0x000000068c800000| Untracked 
| 563|0x000000068cc00000, 0x000000068cc00000, 0x000000068d000000|  0%| F|  |TAMS 0x000000068cc00000, 0x000000068cc00000| Untracked 
| 564|0x000000068d000000, 0x000000068d000000, 0x000000068d400000|  0%| F|  |TAMS 0x000000068d000000, 0x000000068d000000| Untracked 
| 565|0x000000068d400000, 0x000000068d400000, 0x000000068d800000|  0%| F|  |TAMS 0x000000068d400000, 0x000000068d400000| Untracked 
| 566|0x000000068d800000, 0x000000068d800000, 0x000000068dc00000|  0%| F|  |TAMS 0x000000068d800000, 0x000000068d800000| Untracked 
| 567|0x000000068dc00000, 0x000000068dc00000, 0x000000068e000000|  0%| F|  |TAMS 0x000000068dc00000, 0x000000068dc00000| Untracked 
| 568|0x000000068e000000, 0x000000068e000000, 0x000000068e400000|  0%| F|  |TAMS 0x000000068e000000, 0x000000068e000000| Untracked 
| 569|0x000000068e400000, 0x000000068e400000, 0x000000068e800000|  0%| F|  |TAMS 0x000000068e400000, 0x000000068e400000| Untracked 
| 570|0x000000068e800000, 0x000000068e800000, 0x000000068ec00000|  0%| F|  |TAMS 0x000000068e800000, 0x000000068e800000| Untracked 
| 571|0x000000068ec00000, 0x000000068ec00000, 0x000000068f000000|  0%| F|  |TAMS 0x000000068ec00000, 0x000000068ec00000| Untracked 
| 572|0x000000068f000000, 0x000000068f000000, 0x000000068f400000|  0%| F|  |TAMS 0x000000068f000000, 0x000000068f000000| Untracked 
| 573|0x000000068f400000, 0x000000068f400000, 0x000000068f800000|  0%| F|  |TAMS 0x000000068f400000, 0x000000068f400000| Untracked 
| 574|0x000000068f800000, 0x000000068f800000, 0x000000068fc00000|  0%| F|  |TAMS 0x000000068f800000, 0x000000068f800000| Untracked 
| 575|0x000000068fc00000, 0x000000068fc00000, 0x0000000690000000|  0%| F|  |TAMS 0x000000068fc00000, 0x000000068fc00000| Untracked 
| 576|0x0000000690000000, 0x0000000690000000, 0x0000000690400000|  0%| F|  |TAMS 0x0000000690000000, 0x0000000690000000| Untracked 
| 577|0x0000000690400000, 0x0000000690400000, 0x0000000690800000|  0%| F|  |TAMS 0x0000000690400000, 0x0000000690400000| Untracked 
| 578|0x0000000690800000, 0x0000000690800000, 0x0000000690c00000|  0%| F|  |TAMS 0x0000000690800000, 0x0000000690800000| Untracked 
| 579|0x0000000690c00000, 0x0000000690c00000, 0x0000000691000000|  0%| F|  |TAMS 0x0000000690c00000, 0x0000000690c00000| Untracked 
| 580|0x0000000691000000, 0x0000000691000000, 0x0000000691400000|  0%| F|  |TAMS 0x0000000691000000, 0x0000000691000000| Untracked 
| 581|0x0000000691400000, 0x0000000691400000, 0x0000000691800000|  0%| F|  |TAMS 0x0000000691400000, 0x0000000691400000| Untracked 
| 582|0x0000000691800000, 0x0000000691800000, 0x0000000691c00000|  0%| F|  |TAMS 0x0000000691800000, 0x0000000691800000| Untracked 
| 583|0x0000000691c00000, 0x0000000691c00000, 0x0000000692000000|  0%| F|  |TAMS 0x0000000691c00000, 0x0000000691c00000| Untracked 
| 584|0x0000000692000000, 0x0000000692000000, 0x0000000692400000|  0%| F|  |TAMS 0x0000000692000000, 0x0000000692000000| Untracked 
| 585|0x0000000692400000, 0x0000000692400000, 0x0000000692800000|  0%| F|  |TAMS 0x0000000692400000, 0x0000000692400000| Untracked 
| 586|0x0000000692800000, 0x0000000692800000, 0x0000000692c00000|  0%| F|  |TAMS 0x0000000692800000, 0x0000000692800000| Untracked 
| 587|0x0000000692c00000, 0x0000000692c00000, 0x0000000693000000|  0%| F|  |TAMS 0x0000000692c00000, 0x0000000692c00000| Untracked 
| 588|0x0000000693000000, 0x0000000693000000, 0x0000000693400000|  0%| F|  |TAMS 0x0000000693000000, 0x0000000693000000| Untracked 
| 589|0x0000000693400000, 0x0000000693400000, 0x0000000693800000|  0%| F|  |TAMS 0x0000000693400000, 0x0000000693400000| Untracked 
| 590|0x0000000693800000, 0x0000000693800000, 0x0000000693c00000|  0%| F|  |TAMS 0x0000000693800000, 0x0000000693800000| Untracked 
| 591|0x0000000693c00000, 0x0000000693c00000, 0x0000000694000000|  0%| F|  |TAMS 0x0000000693c00000, 0x0000000693c00000| Untracked 
| 592|0x0000000694000000, 0x0000000694000000, 0x0000000694400000|  0%| F|  |TAMS 0x0000000694000000, 0x0000000694000000| Untracked 
| 593|0x0000000694400000, 0x0000000694400000, 0x0000000694800000|  0%| F|  |TAMS 0x0000000694400000, 0x0000000694400000| Untracked 
| 594|0x0000000694800000, 0x0000000694800000, 0x0000000694c00000|  0%| F|  |TAMS 0x0000000694800000, 0x0000000694800000| Untracked 
| 595|0x0000000694c00000, 0x0000000694c00000, 0x0000000695000000|  0%| F|  |TAMS 0x0000000694c00000, 0x0000000694c00000| Untracked 
| 596|0x0000000695000000, 0x0000000695000000, 0x0000000695400000|  0%| F|  |TAMS 0x0000000695000000, 0x0000000695000000| Untracked 
| 597|0x0000000695400000, 0x0000000695400000, 0x0000000695800000|  0%| F|  |TAMS 0x0000000695400000, 0x0000000695400000| Untracked 
| 598|0x0000000695800000, 0x0000000695800000, 0x0000000695c00000|  0%| F|  |TAMS 0x0000000695800000, 0x0000000695800000| Untracked 
| 599|0x0000000695c00000, 0x0000000695c00000, 0x0000000696000000|  0%| F|  |TAMS 0x0000000695c00000, 0x0000000695c00000| Untracked 
| 600|0x0000000696000000, 0x0000000696000000, 0x0000000696400000|  0%| F|  |TAMS 0x0000000696000000, 0x0000000696000000| Untracked 
| 601|0x0000000696400000, 0x0000000696400000, 0x0000000696800000|  0%| F|  |TAMS 0x0000000696400000, 0x0000000696400000| Untracked 
| 602|0x0000000696800000, 0x0000000696800000, 0x0000000696c00000|  0%| F|  |TAMS 0x0000000696800000, 0x0000000696800000| Untracked 
| 603|0x0000000696c00000, 0x0000000696c00000, 0x0000000697000000|  0%| F|  |TAMS 0x0000000696c00000, 0x0000000696c00000| Untracked 
| 604|0x0000000697000000, 0x0000000697000000, 0x0000000697400000|  0%| F|  |TAMS 0x0000000697000000, 0x0000000697000000| Untracked 
| 605|0x0000000697400000, 0x0000000697400000, 0x0000000697800000|  0%| F|  |TAMS 0x0000000697400000, 0x0000000697400000| Untracked 
| 606|0x0000000697800000, 0x0000000697800000, 0x0000000697c00000|  0%| F|  |TAMS 0x0000000697800000, 0x0000000697800000| Untracked 
| 607|0x0000000697c00000, 0x0000000697c00000, 0x0000000698000000|  0%| F|  |TAMS 0x0000000697c00000, 0x0000000697c00000| Untracked 
| 608|0x0000000698000000, 0x0000000698000000, 0x0000000698400000|  0%| F|  |TAMS 0x0000000698000000, 0x0000000698000000| Untracked 
| 609|0x0000000698400000, 0x0000000698400000, 0x0000000698800000|  0%| F|  |TAMS 0x0000000698400000, 0x0000000698400000| Untracked 
| 610|0x0000000698800000, 0x0000000698800000, 0x0000000698c00000|  0%| F|  |TAMS 0x0000000698800000, 0x0000000698800000| Untracked 
| 611|0x0000000698c00000, 0x0000000698c00000, 0x0000000699000000|  0%| F|  |TAMS 0x0000000698c00000, 0x0000000698c00000| Untracked 
| 612|0x0000000699000000, 0x0000000699000000, 0x0000000699400000|  0%| F|  |TAMS 0x0000000699000000, 0x0000000699000000| Untracked 
| 613|0x0000000699400000, 0x0000000699400000, 0x0000000699800000|  0%| F|  |TAMS 0x0000000699400000, 0x0000000699400000| Untracked 
| 614|0x0000000699800000, 0x0000000699800000, 0x0000000699c00000|  0%| F|  |TAMS 0x0000000699800000, 0x0000000699800000| Untracked 
| 615|0x0000000699c00000, 0x0000000699c00000, 0x000000069a000000|  0%| F|  |TAMS 0x0000000699c00000, 0x0000000699c00000| Untracked 
| 616|0x000000069a000000, 0x000000069a000000, 0x000000069a400000|  0%| F|  |TAMS 0x000000069a000000, 0x000000069a000000| Untracked 
| 617|0x000000069a400000, 0x000000069a400000, 0x000000069a800000|  0%| F|  |TAMS 0x000000069a400000, 0x000000069a400000| Untracked 
| 618|0x000000069a800000, 0x000000069a800000, 0x000000069ac00000|  0%| F|  |TAMS 0x000000069a800000, 0x000000069a800000| Untracked 
| 619|0x000000069ac00000, 0x000000069ac00000, 0x000000069b000000|  0%| F|  |TAMS 0x000000069ac00000, 0x000000069ac00000| Untracked 
| 620|0x000000069b000000, 0x000000069b000000, 0x000000069b400000|  0%| F|  |TAMS 0x000000069b000000, 0x000000069b000000| Untracked 
| 621|0x000000069b400000, 0x000000069b400000, 0x000000069b800000|  0%| F|  |TAMS 0x000000069b400000, 0x000000069b400000| Untracked 
| 622|0x000000069b800000, 0x000000069b800000, 0x000000069bc00000|  0%| F|  |TAMS 0x000000069b800000, 0x000000069b800000| Untracked 
| 623|0x000000069bc00000, 0x000000069bc00000, 0x000000069c000000|  0%| F|  |TAMS 0x000000069bc00000, 0x000000069bc00000| Untracked 
| 624|0x000000069c000000, 0x000000069c000000, 0x000000069c400000|  0%| F|  |TAMS 0x000000069c000000, 0x000000069c000000| Untracked 
| 625|0x000000069c400000, 0x000000069c400000, 0x000000069c800000|  0%| F|  |TAMS 0x000000069c400000, 0x000000069c400000| Untracked 
| 626|0x000000069c800000, 0x000000069c800000, 0x000000069cc00000|  0%| F|  |TAMS 0x000000069c800000, 0x000000069c800000| Untracked 
| 627|0x000000069cc00000, 0x000000069cc00000, 0x000000069d000000|  0%| F|  |TAMS 0x000000069cc00000, 0x000000069cc00000| Untracked 
| 628|0x000000069d000000, 0x000000069d000000, 0x000000069d400000|  0%| F|  |TAMS 0x000000069d000000, 0x000000069d000000| Untracked 
| 629|0x000000069d400000, 0x000000069d400000, 0x000000069d800000|  0%| F|  |TAMS 0x000000069d400000, 0x000000069d400000| Untracked 
| 630|0x000000069d800000, 0x000000069d800000, 0x000000069dc00000|  0%| F|  |TAMS 0x000000069d800000, 0x000000069d800000| Untracked 
| 631|0x000000069dc00000, 0x000000069dc00000, 0x000000069e000000|  0%| F|  |TAMS 0x000000069dc00000, 0x000000069dc00000| Untracked 
| 632|0x000000069e000000, 0x000000069e000000, 0x000000069e400000|  0%| F|  |TAMS 0x000000069e000000, 0x000000069e000000| Untracked 
| 633|0x000000069e400000, 0x000000069e400000, 0x000000069e800000|  0%| F|  |TAMS 0x000000069e400000, 0x000000069e400000| Untracked 
| 634|0x000000069e800000, 0x000000069e800000, 0x000000069ec00000|  0%| F|  |TAMS 0x000000069e800000, 0x000000069e800000| Untracked 
| 635|0x000000069ec00000, 0x000000069ec00000, 0x000000069f000000|  0%| F|  |TAMS 0x000000069ec00000, 0x000000069ec00000| Untracked 
| 636|0x000000069f000000, 0x000000069f000000, 0x000000069f400000|  0%| F|  |TAMS 0x000000069f000000, 0x000000069f000000| Untracked 
| 637|0x000000069f400000, 0x000000069f400000, 0x000000069f800000|  0%| F|  |TAMS 0x000000069f400000, 0x000000069f400000| Untracked 
| 638|0x000000069f800000, 0x000000069f800000, 0x000000069fc00000|  0%| F|  |TAMS 0x000000069f800000, 0x000000069f800000| Untracked 
| 639|0x000000069fc00000, 0x000000069fc00000, 0x00000006a0000000|  0%| F|  |TAMS 0x000000069fc00000, 0x000000069fc00000| Untracked 
| 640|0x00000006a0000000, 0x00000006a0000000, 0x00000006a0400000|  0%| F|  |TAMS 0x00000006a0000000, 0x00000006a0000000| Untracked 
| 641|0x00000006a0400000, 0x00000006a0400000, 0x00000006a0800000|  0%| F|  |TAMS 0x00000006a0400000, 0x00000006a0400000| Untracked 
| 642|0x00000006a0800000, 0x00000006a0800000, 0x00000006a0c00000|  0%| F|  |TAMS 0x00000006a0800000, 0x00000006a0800000| Untracked 
| 643|0x00000006a0c00000, 0x00000006a0c00000, 0x00000006a1000000|  0%| F|  |TAMS 0x00000006a0c00000, 0x00000006a0c00000| Untracked 
| 644|0x00000006a1000000, 0x00000006a1000000, 0x00000006a1400000|  0%| F|  |TAMS 0x00000006a1000000, 0x00000006a1000000| Untracked 
| 645|0x00000006a1400000, 0x00000006a1400000, 0x00000006a1800000|  0%| F|  |TAMS 0x00000006a1400000, 0x00000006a1400000| Untracked 
| 646|0x00000006a1800000, 0x00000006a1800000, 0x00000006a1c00000|  0%| F|  |TAMS 0x00000006a1800000, 0x00000006a1800000| Untracked 
| 647|0x00000006a1c00000, 0x00000006a1c00000, 0x00000006a2000000|  0%| F|  |TAMS 0x00000006a1c00000, 0x00000006a1c00000| Untracked 
| 648|0x00000006a2000000, 0x00000006a2000000, 0x00000006a2400000|  0%| F|  |TAMS 0x00000006a2000000, 0x00000006a2000000| Untracked 
| 649|0x00000006a2400000, 0x00000006a2400000, 0x00000006a2800000|  0%| F|  |TAMS 0x00000006a2400000, 0x00000006a2400000| Untracked 
| 650|0x00000006a2800000, 0x00000006a2800000, 0x00000006a2c00000|  0%| F|  |TAMS 0x00000006a2800000, 0x00000006a2800000| Untracked 
| 651|0x00000006a2c00000, 0x00000006a2c00000, 0x00000006a3000000|  0%| F|  |TAMS 0x00000006a2c00000, 0x00000006a2c00000| Untracked 
| 652|0x00000006a3000000, 0x00000006a3000000, 0x00000006a3400000|  0%| F|  |TAMS 0x00000006a3000000, 0x00000006a3000000| Untracked 
| 653|0x00000006a3400000, 0x00000006a3400000, 0x00000006a3800000|  0%| F|  |TAMS 0x00000006a3400000, 0x00000006a3400000| Untracked 
| 654|0x00000006a3800000, 0x00000006a3800000, 0x00000006a3c00000|  0%| F|  |TAMS 0x00000006a3800000, 0x00000006a3800000| Untracked 
| 655|0x00000006a3c00000, 0x00000006a3c00000, 0x00000006a4000000|  0%| F|  |TAMS 0x00000006a3c00000, 0x00000006a3c00000| Untracked 
| 656|0x00000006a4000000, 0x00000006a4000000, 0x00000006a4400000|  0%| F|  |TAMS 0x00000006a4000000, 0x00000006a4000000| Untracked 
| 657|0x00000006a4400000, 0x00000006a4400000, 0x00000006a4800000|  0%| F|  |TAMS 0x00000006a4400000, 0x00000006a4400000| Untracked 
| 658|0x00000006a4800000, 0x00000006a4800000, 0x00000006a4c00000|  0%| F|  |TAMS 0x00000006a4800000, 0x00000006a4800000| Untracked 
| 659|0x00000006a4c00000, 0x00000006a4c00000, 0x00000006a5000000|  0%| F|  |TAMS 0x00000006a4c00000, 0x00000006a4c00000| Untracked 
| 660|0x00000006a5000000, 0x00000006a5000000, 0x00000006a5400000|  0%| F|  |TAMS 0x00000006a5000000, 0x00000006a5000000| Untracked 
| 661|0x00000006a5400000, 0x00000006a5400000, 0x00000006a5800000|  0%| F|  |TAMS 0x00000006a5400000, 0x00000006a5400000| Untracked 
| 662|0x00000006a5800000, 0x00000006a5800000, 0x00000006a5c00000|  0%| F|  |TAMS 0x00000006a5800000, 0x00000006a5800000| Untracked 
| 663|0x00000006a5c00000, 0x00000006a5c00000, 0x00000006a6000000|  0%| F|  |TAMS 0x00000006a5c00000, 0x00000006a5c00000| Untracked 
| 664|0x00000006a6000000, 0x00000006a6000000, 0x00000006a6400000|  0%| F|  |TAMS 0x00000006a6000000, 0x00000006a6000000| Untracked 
| 665|0x00000006a6400000, 0x00000006a6400000, 0x00000006a6800000|  0%| F|  |TAMS 0x00000006a6400000, 0x00000006a6400000| Untracked 
| 666|0x00000006a6800000, 0x00000006a6800000, 0x00000006a6c00000|  0%| F|  |TAMS 0x00000006a6800000, 0x00000006a6800000| Untracked 
| 667|0x00000006a6c00000, 0x00000006a6c00000, 0x00000006a7000000|  0%| F|  |TAMS 0x00000006a6c00000, 0x00000006a6c00000| Untracked 
| 668|0x00000006a7000000, 0x00000006a7000000, 0x00000006a7400000|  0%| F|  |TAMS 0x00000006a7000000, 0x00000006a7000000| Untracked 
| 669|0x00000006a7400000, 0x00000006a7400000, 0x00000006a7800000|  0%| F|  |TAMS 0x00000006a7400000, 0x00000006a7400000| Untracked 
| 670|0x00000006a7800000, 0x00000006a7800000, 0x00000006a7c00000|  0%| F|  |TAMS 0x00000006a7800000, 0x00000006a7800000| Untracked 
| 671|0x00000006a7c00000, 0x00000006a7c00000, 0x00000006a8000000|  0%| F|  |TAMS 0x00000006a7c00000, 0x00000006a7c00000| Untracked 
| 672|0x00000006a8000000, 0x00000006a8000000, 0x00000006a8400000|  0%| F|  |TAMS 0x00000006a8000000, 0x00000006a8000000| Untracked 
| 673|0x00000006a8400000, 0x00000006a8400000, 0x00000006a8800000|  0%| F|  |TAMS 0x00000006a8400000, 0x00000006a8400000| Untracked 
| 674|0x00000006a8800000, 0x00000006a8800000, 0x00000006a8c00000|  0%| F|  |TAMS 0x00000006a8800000, 0x00000006a8800000| Untracked 
| 675|0x00000006a8c00000, 0x00000006a8c00000, 0x00000006a9000000|  0%| F|  |TAMS 0x00000006a8c00000, 0x00000006a8c00000| Untracked 
| 676|0x00000006a9000000, 0x00000006a9000000, 0x00000006a9400000|  0%| F|  |TAMS 0x00000006a9000000, 0x00000006a9000000| Untracked 
| 677|0x00000006a9400000, 0x00000006a9400000, 0x00000006a9800000|  0%| F|  |TAMS 0x00000006a9400000, 0x00000006a9400000| Untracked 
| 678|0x00000006a9800000, 0x00000006a9800000, 0x00000006a9c00000|  0%| F|  |TAMS 0x00000006a9800000, 0x00000006a9800000| Untracked 
| 679|0x00000006a9c00000, 0x00000006a9c00000, 0x00000006aa000000|  0%| F|  |TAMS 0x00000006a9c00000, 0x00000006a9c00000| Untracked 
| 680|0x00000006aa000000, 0x00000006aa000000, 0x00000006aa400000|  0%| F|  |TAMS 0x00000006aa000000, 0x00000006aa000000| Untracked 
| 681|0x00000006aa400000, 0x00000006aa400000, 0x00000006aa800000|  0%| F|  |TAMS 0x00000006aa400000, 0x00000006aa400000| Untracked 
| 682|0x00000006aa800000, 0x00000006aa800000, 0x00000006aac00000|  0%| F|  |TAMS 0x00000006aa800000, 0x00000006aa800000| Untracked 
| 683|0x00000006aac00000, 0x00000006aac00000, 0x00000006ab000000|  0%| F|  |TAMS 0x00000006aac00000, 0x00000006aac00000| Untracked 
| 684|0x00000006ab000000, 0x00000006ab000000, 0x00000006ab400000|  0%| F|  |TAMS 0x00000006ab000000, 0x00000006ab000000| Untracked 
| 685|0x00000006ab400000, 0x00000006ab400000, 0x00000006ab800000|  0%| F|  |TAMS 0x00000006ab400000, 0x00000006ab400000| Untracked 
| 686|0x00000006ab800000, 0x00000006ab800000, 0x00000006abc00000|  0%| F|  |TAMS 0x00000006ab800000, 0x00000006ab800000| Untracked 
| 687|0x00000006abc00000, 0x00000006abc00000, 0x00000006ac000000|  0%| F|  |TAMS 0x00000006abc00000, 0x00000006abc00000| Untracked 
| 688|0x00000006ac000000, 0x00000006ac000000, 0x00000006ac400000|  0%| F|  |TAMS 0x00000006ac000000, 0x00000006ac000000| Untracked 
| 689|0x00000006ac400000, 0x00000006ac400000, 0x00000006ac800000|  0%| F|  |TAMS 0x00000006ac400000, 0x00000006ac400000| Untracked 
| 690|0x00000006ac800000, 0x00000006ac800000, 0x00000006acc00000|  0%| F|  |TAMS 0x00000006ac800000, 0x00000006ac800000| Untracked 
| 691|0x00000006acc00000, 0x00000006acc00000, 0x00000006ad000000|  0%| F|  |TAMS 0x00000006acc00000, 0x00000006acc00000| Untracked 
| 692|0x00000006ad000000, 0x00000006ad000000, 0x00000006ad400000|  0%| F|  |TAMS 0x00000006ad000000, 0x00000006ad000000| Untracked 
| 693|0x00000006ad400000, 0x00000006ad400000, 0x00000006ad800000|  0%| F|  |TAMS 0x00000006ad400000, 0x00000006ad400000| Untracked 
| 694|0x00000006ad800000, 0x00000006ad800000, 0x00000006adc00000|  0%| F|  |TAMS 0x00000006ad800000, 0x00000006ad800000| Untracked 
| 695|0x00000006adc00000, 0x00000006adc00000, 0x00000006ae000000|  0%| F|  |TAMS 0x00000006adc00000, 0x00000006adc00000| Untracked 
| 696|0x00000006ae000000, 0x00000006ae000000, 0x00000006ae400000|  0%| F|  |TAMS 0x00000006ae000000, 0x00000006ae000000| Untracked 
| 697|0x00000006ae400000, 0x00000006ae400000, 0x00000006ae800000|  0%| F|  |TAMS 0x00000006ae400000, 0x00000006ae400000| Untracked 
| 698|0x00000006ae800000, 0x00000006ae800000, 0x00000006aec00000|  0%| F|  |TAMS 0x00000006ae800000, 0x00000006ae800000| Untracked 
| 699|0x00000006aec00000, 0x00000006aec00000, 0x00000006af000000|  0%| F|  |TAMS 0x00000006aec00000, 0x00000006aec00000| Untracked 
| 700|0x00000006af000000, 0x00000006af000000, 0x00000006af400000|  0%| F|  |TAMS 0x00000006af000000, 0x00000006af000000| Untracked 
| 701|0x00000006af400000, 0x00000006af400000, 0x00000006af800000|  0%| F|  |TAMS 0x00000006af400000, 0x00000006af400000| Untracked 
| 702|0x00000006af800000, 0x00000006af800000, 0x00000006afc00000|  0%| F|  |TAMS 0x00000006af800000, 0x00000006af800000| Untracked 
| 703|0x00000006afc00000, 0x00000006afc00000, 0x00000006b0000000|  0%| F|  |TAMS 0x00000006afc00000, 0x00000006afc00000| Untracked 
| 704|0x00000006b0000000, 0x00000006b0000000, 0x00000006b0400000|  0%| F|  |TAMS 0x00000006b0000000, 0x00000006b0000000| Untracked 
| 705|0x00000006b0400000, 0x00000006b0400000, 0x00000006b0800000|  0%| F|  |TAMS 0x00000006b0400000, 0x00000006b0400000| Untracked 
| 706|0x00000006b0800000, 0x00000006b0800000, 0x00000006b0c00000|  0%| F|  |TAMS 0x00000006b0800000, 0x00000006b0800000| Untracked 
| 707|0x00000006b0c00000, 0x00000006b0c00000, 0x00000006b1000000|  0%| F|  |TAMS 0x00000006b0c00000, 0x00000006b0c00000| Untracked 
| 708|0x00000006b1000000, 0x00000006b1000000, 0x00000006b1400000|  0%| F|  |TAMS 0x00000006b1000000, 0x00000006b1000000| Untracked 
| 709|0x00000006b1400000, 0x00000006b1400000, 0x00000006b1800000|  0%| F|  |TAMS 0x00000006b1400000, 0x00000006b1400000| Untracked 
| 710|0x00000006b1800000, 0x00000006b1800000, 0x00000006b1c00000|  0%| F|  |TAMS 0x00000006b1800000, 0x00000006b1800000| Untracked 
| 711|0x00000006b1c00000, 0x00000006b1c00000, 0x00000006b2000000|  0%| F|  |TAMS 0x00000006b1c00000, 0x00000006b1c00000| Untracked 
| 712|0x00000006b2000000, 0x00000006b2000000, 0x00000006b2400000|  0%| F|  |TAMS 0x00000006b2000000, 0x00000006b2000000| Untracked 
| 713|0x00000006b2400000, 0x00000006b2400000, 0x00000006b2800000|  0%| F|  |TAMS 0x00000006b2400000, 0x00000006b2400000| Untracked 
| 714|0x00000006b2800000, 0x00000006b2800000, 0x00000006b2c00000|  0%| F|  |TAMS 0x00000006b2800000, 0x00000006b2800000| Untracked 
| 715|0x00000006b2c00000, 0x00000006b2c00000, 0x00000006b3000000|  0%| F|  |TAMS 0x00000006b2c00000, 0x00000006b2c00000| Untracked 
| 716|0x00000006b3000000, 0x00000006b3000000, 0x00000006b3400000|  0%| F|  |TAMS 0x00000006b3000000, 0x00000006b3000000| Untracked 
| 717|0x00000006b3400000, 0x00000006b3400000, 0x00000006b3800000|  0%| F|  |TAMS 0x00000006b3400000, 0x00000006b3400000| Untracked 
| 718|0x00000006b3800000, 0x00000006b3800000, 0x00000006b3c00000|  0%| F|  |TAMS 0x00000006b3800000, 0x00000006b3800000| Untracked 
| 719|0x00000006b3c00000, 0x00000006b3c00000, 0x00000006b4000000|  0%| F|  |TAMS 0x00000006b3c00000, 0x00000006b3c00000| Untracked 
| 720|0x00000006b4000000, 0x00000006b4000000, 0x00000006b4400000|  0%| F|  |TAMS 0x00000006b4000000, 0x00000006b4000000| Untracked 
| 721|0x00000006b4400000, 0x00000006b4400000, 0x00000006b4800000|  0%| F|  |TAMS 0x00000006b4400000, 0x00000006b4400000| Untracked 
| 722|0x00000006b4800000, 0x00000006b4800000, 0x00000006b4c00000|  0%| F|  |TAMS 0x00000006b4800000, 0x00000006b4800000| Untracked 
| 723|0x00000006b4c00000, 0x00000006b4c00000, 0x00000006b5000000|  0%| F|  |TAMS 0x00000006b4c00000, 0x00000006b4c00000| Untracked 
| 724|0x00000006b5000000, 0x00000006b5000000, 0x00000006b5400000|  0%| F|  |TAMS 0x00000006b5000000, 0x00000006b5000000| Untracked 
| 725|0x00000006b5400000, 0x00000006b5400000, 0x00000006b5800000|  0%| F|  |TAMS 0x00000006b5400000, 0x00000006b5400000| Untracked 
| 726|0x00000006b5800000, 0x00000006b5800000, 0x00000006b5c00000|  0%| F|  |TAMS 0x00000006b5800000, 0x00000006b5800000| Untracked 
| 727|0x00000006b5c00000, 0x00000006b5c00000, 0x00000006b6000000|  0%| F|  |TAMS 0x00000006b5c00000, 0x00000006b5c00000| Untracked 
| 728|0x00000006b6000000, 0x00000006b6000000, 0x00000006b6400000|  0%| F|  |TAMS 0x00000006b6000000, 0x00000006b6000000| Untracked 
| 729|0x00000006b6400000, 0x00000006b6400000, 0x00000006b6800000|  0%| F|  |TAMS 0x00000006b6400000, 0x00000006b6400000| Untracked 
| 730|0x00000006b6800000, 0x00000006b6800000, 0x00000006b6c00000|  0%| F|  |TAMS 0x00000006b6800000, 0x00000006b6800000| Untracked 
| 731|0x00000006b6c00000, 0x00000006b6c00000, 0x00000006b7000000|  0%| F|  |TAMS 0x00000006b6c00000, 0x00000006b6c00000| Untracked 
| 732|0x00000006b7000000, 0x00000006b7000000, 0x00000006b7400000|  0%| F|  |TAMS 0x00000006b7000000, 0x00000006b7000000| Untracked 
| 733|0x00000006b7400000, 0x00000006b7400000, 0x00000006b7800000|  0%| F|  |TAMS 0x00000006b7400000, 0x00000006b7400000| Untracked 
| 734|0x00000006b7800000, 0x00000006b7800000, 0x00000006b7c00000|  0%| F|  |TAMS 0x00000006b7800000, 0x00000006b7800000| Untracked 
| 735|0x00000006b7c00000, 0x00000006b7c00000, 0x00000006b8000000|  0%| F|  |TAMS 0x00000006b7c00000, 0x00000006b7c00000| Untracked 
| 736|0x00000006b8000000, 0x00000006b8000000, 0x00000006b8400000|  0%| F|  |TAMS 0x00000006b8000000, 0x00000006b8000000| Untracked 
| 737|0x00000006b8400000, 0x00000006b8400000, 0x00000006b8800000|  0%| F|  |TAMS 0x00000006b8400000, 0x00000006b8400000| Untracked 
| 738|0x00000006b8800000, 0x00000006b8800000, 0x00000006b8c00000|  0%| F|  |TAMS 0x00000006b8800000, 0x00000006b8800000| Untracked 
| 739|0x00000006b8c00000, 0x00000006b8c00000, 0x00000006b9000000|  0%| F|  |TAMS 0x00000006b8c00000, 0x00000006b8c00000| Untracked 
| 740|0x00000006b9000000, 0x00000006b9000000, 0x00000006b9400000|  0%| F|  |TAMS 0x00000006b9000000, 0x00000006b9000000| Untracked 
| 741|0x00000006b9400000, 0x00000006b9400000, 0x00000006b9800000|  0%| F|  |TAMS 0x00000006b9400000, 0x00000006b9400000| Untracked 
| 742|0x00000006b9800000, 0x00000006b9800000, 0x00000006b9c00000|  0%| F|  |TAMS 0x00000006b9800000, 0x00000006b9800000| Untracked 
| 743|0x00000006b9c00000, 0x00000006b9c00000, 0x00000006ba000000|  0%| F|  |TAMS 0x00000006b9c00000, 0x00000006b9c00000| Untracked 
| 744|0x00000006ba000000, 0x00000006ba000000, 0x00000006ba400000|  0%| F|  |TAMS 0x00000006ba000000, 0x00000006ba000000| Untracked 
| 745|0x00000006ba400000, 0x00000006ba400000, 0x00000006ba800000|  0%| F|  |TAMS 0x00000006ba400000, 0x00000006ba400000| Untracked 
| 746|0x00000006ba800000, 0x00000006ba800000, 0x00000006bac00000|  0%| F|  |TAMS 0x00000006ba800000, 0x00000006ba800000| Untracked 
| 747|0x00000006bac00000, 0x00000006bac00000, 0x00000006bb000000|  0%| F|  |TAMS 0x00000006bac00000, 0x00000006bac00000| Untracked 
| 748|0x00000006bb000000, 0x00000006bb000000, 0x00000006bb400000|  0%| F|  |TAMS 0x00000006bb000000, 0x00000006bb000000| Untracked 
| 749|0x00000006bb400000, 0x00000006bb400000, 0x00000006bb800000|  0%| F|  |TAMS 0x00000006bb400000, 0x00000006bb400000| Untracked 
| 750|0x00000006bb800000, 0x00000006bb800000, 0x00000006bbc00000|  0%| F|  |TAMS 0x00000006bb800000, 0x00000006bb800000| Untracked 
| 751|0x00000006bbc00000, 0x00000006bbc00000, 0x00000006bc000000|  0%| F|  |TAMS 0x00000006bbc00000, 0x00000006bbc00000| Untracked 
| 752|0x00000006bc000000, 0x00000006bc000000, 0x00000006bc400000|  0%| F|  |TAMS 0x00000006bc000000, 0x00000006bc000000| Untracked 
| 753|0x00000006bc400000, 0x00000006bc400000, 0x00000006bc800000|  0%| F|  |TAMS 0x00000006bc400000, 0x00000006bc400000| Untracked 
| 754|0x00000006bc800000, 0x00000006bc800000, 0x00000006bcc00000|  0%| F|  |TAMS 0x00000006bc800000, 0x00000006bc800000| Untracked 
| 755|0x00000006bcc00000, 0x00000006bcc00000, 0x00000006bd000000|  0%| F|  |TAMS 0x00000006bcc00000, 0x00000006bcc00000| Untracked 
| 756|0x00000006bd000000, 0x00000006bd000000, 0x00000006bd400000|  0%| F|  |TAMS 0x00000006bd000000, 0x00000006bd000000| Untracked 
| 757|0x00000006bd400000, 0x00000006bd400000, 0x00000006bd800000|  0%| F|  |TAMS 0x00000006bd400000, 0x00000006bd400000| Untracked 
| 758|0x00000006bd800000, 0x00000006bd800000, 0x00000006bdc00000|  0%| F|  |TAMS 0x00000006bd800000, 0x00000006bd800000| Untracked 
| 759|0x00000006bdc00000, 0x00000006bdc00000, 0x00000006be000000|  0%| F|  |TAMS 0x00000006bdc00000, 0x00000006bdc00000| Untracked 
| 760|0x00000006be000000, 0x00000006be000000, 0x00000006be400000|  0%| F|  |TAMS 0x00000006be000000, 0x00000006be000000| Untracked 
| 761|0x00000006be400000, 0x00000006be400000, 0x00000006be800000|  0%| F|  |TAMS 0x00000006be400000, 0x00000006be400000| Untracked 
| 762|0x00000006be800000, 0x00000006be800000, 0x00000006bec00000|  0%| F|  |TAMS 0x00000006be800000, 0x00000006be800000| Untracked 
| 763|0x00000006bec00000, 0x00000006bec00000, 0x00000006bf000000|  0%| F|  |TAMS 0x00000006bec00000, 0x00000006bec00000| Untracked 
| 764|0x00000006bf000000, 0x00000006bf000000, 0x00000006bf400000|  0%| F|  |TAMS 0x00000006bf000000, 0x00000006bf000000| Untracked 
| 765|0x00000006bf400000, 0x00000006bf400000, 0x00000006bf800000|  0%| F|  |TAMS 0x00000006bf400000, 0x00000006bf400000| Untracked 
| 766|0x00000006bf800000, 0x00000006bf800000, 0x00000006bfc00000|  0%| F|  |TAMS 0x00000006bf800000, 0x00000006bf800000| Untracked 
| 767|0x00000006bfc00000, 0x00000006bfc00000, 0x00000006c0000000|  0%| F|  |TAMS 0x00000006bfc00000, 0x00000006bfc00000| Untracked 
| 768|0x00000006c0000000, 0x00000006c0000000, 0x00000006c0400000|  0%| F|  |TAMS 0x00000006c0000000, 0x00000006c0000000| Untracked 
| 769|0x00000006c0400000, 0x00000006c0400000, 0x00000006c0800000|  0%| F|  |TAMS 0x00000006c0400000, 0x00000006c0400000| Untracked 
| 770|0x00000006c0800000, 0x00000006c0800000, 0x00000006c0c00000|  0%| F|  |TAMS 0x00000006c0800000, 0x00000006c0800000| Untracked 
| 771|0x00000006c0c00000, 0x00000006c0c00000, 0x00000006c1000000|  0%| F|  |TAMS 0x00000006c0c00000, 0x00000006c0c00000| Untracked 
| 772|0x00000006c1000000, 0x00000006c1000000, 0x00000006c1400000|  0%| F|  |TAMS 0x00000006c1000000, 0x00000006c1000000| Untracked 
| 773|0x00000006c1400000, 0x00000006c1400000, 0x00000006c1800000|  0%| F|  |TAMS 0x00000006c1400000, 0x00000006c1400000| Untracked 
| 774|0x00000006c1800000, 0x00000006c1800000, 0x00000006c1c00000|  0%| F|  |TAMS 0x00000006c1800000, 0x00000006c1800000| Untracked 
| 775|0x00000006c1c00000, 0x00000006c1c00000, 0x00000006c2000000|  0%| F|  |TAMS 0x00000006c1c00000, 0x00000006c1c00000| Untracked 
| 776|0x00000006c2000000, 0x00000006c2000000, 0x00000006c2400000|  0%| F|  |TAMS 0x00000006c2000000, 0x00000006c2000000| Untracked 
| 777|0x00000006c2400000, 0x00000006c2400000, 0x00000006c2800000|  0%| F|  |TAMS 0x00000006c2400000, 0x00000006c2400000| Untracked 
| 778|0x00000006c2800000, 0x00000006c2800000, 0x00000006c2c00000|  0%| F|  |TAMS 0x00000006c2800000, 0x00000006c2800000| Untracked 
| 779|0x00000006c2c00000, 0x00000006c2c00000, 0x00000006c3000000|  0%| F|  |TAMS 0x00000006c2c00000, 0x00000006c2c00000| Untracked 
| 780|0x00000006c3000000, 0x00000006c3000000, 0x00000006c3400000|  0%| F|  |TAMS 0x00000006c3000000, 0x00000006c3000000| Untracked 
| 781|0x00000006c3400000, 0x00000006c3400000, 0x00000006c3800000|  0%| F|  |TAMS 0x00000006c3400000, 0x00000006c3400000| Untracked 
| 782|0x00000006c3800000, 0x00000006c3800000, 0x00000006c3c00000|  0%| F|  |TAMS 0x00000006c3800000, 0x00000006c3800000| Untracked 
| 783|0x00000006c3c00000, 0x00000006c3c00000, 0x00000006c4000000|  0%| F|  |TAMS 0x00000006c3c00000, 0x00000006c3c00000| Untracked 
| 784|0x00000006c4000000, 0x00000006c4000000, 0x00000006c4400000|  0%| F|  |TAMS 0x00000006c4000000, 0x00000006c4000000| Untracked 
| 785|0x00000006c4400000, 0x00000006c4400000, 0x00000006c4800000|  0%| F|  |TAMS 0x00000006c4400000, 0x00000006c4400000| Untracked 
| 786|0x00000006c4800000, 0x00000006c4800000, 0x00000006c4c00000|  0%| F|  |TAMS 0x00000006c4800000, 0x00000006c4800000| Untracked 
| 787|0x00000006c4c00000, 0x00000006c4c00000, 0x00000006c5000000|  0%| F|  |TAMS 0x00000006c4c00000, 0x00000006c4c00000| Untracked 
| 788|0x00000006c5000000, 0x00000006c5000000, 0x00000006c5400000|  0%| F|  |TAMS 0x00000006c5000000, 0x00000006c5000000| Untracked 
| 789|0x00000006c5400000, 0x00000006c5400000, 0x00000006c5800000|  0%| F|  |TAMS 0x00000006c5400000, 0x00000006c5400000| Untracked 
| 790|0x00000006c5800000, 0x00000006c5800000, 0x00000006c5c00000|  0%| F|  |TAMS 0x00000006c5800000, 0x00000006c5800000| Untracked 
| 791|0x00000006c5c00000, 0x00000006c5c00000, 0x00000006c6000000|  0%| F|  |TAMS 0x00000006c5c00000, 0x00000006c5c00000| Untracked 
| 792|0x00000006c6000000, 0x00000006c6000000, 0x00000006c6400000|  0%| F|  |TAMS 0x00000006c6000000, 0x00000006c6000000| Untracked 
| 793|0x00000006c6400000, 0x00000006c6400000, 0x00000006c6800000|  0%| F|  |TAMS 0x00000006c6400000, 0x00000006c6400000| Untracked 
| 794|0x00000006c6800000, 0x00000006c6800000, 0x00000006c6c00000|  0%| F|  |TAMS 0x00000006c6800000, 0x00000006c6800000| Untracked 
| 795|0x00000006c6c00000, 0x00000006c6c00000, 0x00000006c7000000|  0%| F|  |TAMS 0x00000006c6c00000, 0x00000006c6c00000| Untracked 
| 796|0x00000006c7000000, 0x00000006c7000000, 0x00000006c7400000|  0%| F|  |TAMS 0x00000006c7000000, 0x00000006c7000000| Untracked 
| 797|0x00000006c7400000, 0x00000006c7400000, 0x00000006c7800000|  0%| F|  |TAMS 0x00000006c7400000, 0x00000006c7400000| Untracked 
| 798|0x00000006c7800000, 0x00000006c7800000, 0x00000006c7c00000|  0%| F|  |TAMS 0x00000006c7800000, 0x00000006c7800000| Untracked 
| 799|0x00000006c7c00000, 0x00000006c7c00000, 0x00000006c8000000|  0%| F|  |TAMS 0x00000006c7c00000, 0x00000006c7c00000| Untracked 
| 800|0x00000006c8000000, 0x00000006c8000000, 0x00000006c8400000|  0%| F|  |TAMS 0x00000006c8000000, 0x00000006c8000000| Untracked 
| 801|0x00000006c8400000, 0x00000006c8400000, 0x00000006c8800000|  0%| F|  |TAMS 0x00000006c8400000, 0x00000006c8400000| Untracked 
| 802|0x00000006c8800000, 0x00000006c8800000, 0x00000006c8c00000|  0%| F|  |TAMS 0x00000006c8800000, 0x00000006c8800000| Untracked 
| 803|0x00000006c8c00000, 0x00000006c8c00000, 0x00000006c9000000|  0%| F|  |TAMS 0x00000006c8c00000, 0x00000006c8c00000| Untracked 
| 804|0x00000006c9000000, 0x00000006c9000000, 0x00000006c9400000|  0%| F|  |TAMS 0x00000006c9000000, 0x00000006c9000000| Untracked 
| 805|0x00000006c9400000, 0x00000006c9400000, 0x00000006c9800000|  0%| F|  |TAMS 0x00000006c9400000, 0x00000006c9400000| Untracked 
| 806|0x00000006c9800000, 0x00000006c9800000, 0x00000006c9c00000|  0%| F|  |TAMS 0x00000006c9800000, 0x00000006c9800000| Untracked 
| 807|0x00000006c9c00000, 0x00000006c9c00000, 0x00000006ca000000|  0%| F|  |TAMS 0x00000006c9c00000, 0x00000006c9c00000| Untracked 
| 808|0x00000006ca000000, 0x00000006ca000000, 0x00000006ca400000|  0%| F|  |TAMS 0x00000006ca000000, 0x00000006ca000000| Untracked 
| 809|0x00000006ca400000, 0x00000006ca400000, 0x00000006ca800000|  0%| F|  |TAMS 0x00000006ca400000, 0x00000006ca400000| Untracked 
| 810|0x00000006ca800000, 0x00000006ca800000, 0x00000006cac00000|  0%| F|  |TAMS 0x00000006ca800000, 0x00000006ca800000| Untracked 
| 811|0x00000006cac00000, 0x00000006cac00000, 0x00000006cb000000|  0%| F|  |TAMS 0x00000006cac00000, 0x00000006cac00000| Untracked 
| 812|0x00000006cb000000, 0x00000006cb000000, 0x00000006cb400000|  0%| F|  |TAMS 0x00000006cb000000, 0x00000006cb000000| Untracked 
| 813|0x00000006cb400000, 0x00000006cb400000, 0x00000006cb800000|  0%| F|  |TAMS 0x00000006cb400000, 0x00000006cb400000| Untracked 
| 814|0x00000006cb800000, 0x00000006cb800000, 0x00000006cbc00000|  0%| F|  |TAMS 0x00000006cb800000, 0x00000006cb800000| Untracked 
| 815|0x00000006cbc00000, 0x00000006cbc00000, 0x00000006cc000000|  0%| F|  |TAMS 0x00000006cbc00000, 0x00000006cbc00000| Untracked 
| 816|0x00000006cc000000, 0x00000006cc000000, 0x00000006cc400000|  0%| F|  |TAMS 0x00000006cc000000, 0x00000006cc000000| Untracked 
| 817|0x00000006cc400000, 0x00000006cc400000, 0x00000006cc800000|  0%| F|  |TAMS 0x00000006cc400000, 0x00000006cc400000| Untracked 
| 818|0x00000006cc800000, 0x00000006cc800000, 0x00000006ccc00000|  0%| F|  |TAMS 0x00000006cc800000, 0x00000006cc800000| Untracked 
| 819|0x00000006ccc00000, 0x00000006ccc00000, 0x00000006cd000000|  0%| F|  |TAMS 0x00000006ccc00000, 0x00000006ccc00000| Untracked 
| 820|0x00000006cd000000, 0x00000006cd000000, 0x00000006cd400000|  0%| F|  |TAMS 0x00000006cd000000, 0x00000006cd000000| Untracked 
| 821|0x00000006cd400000, 0x00000006cd400000, 0x00000006cd800000|  0%| F|  |TAMS 0x00000006cd400000, 0x00000006cd400000| Untracked 
| 822|0x00000006cd800000, 0x00000006cd800000, 0x00000006cdc00000|  0%| F|  |TAMS 0x00000006cd800000, 0x00000006cd800000| Untracked 
| 823|0x00000006cdc00000, 0x00000006cdc00000, 0x00000006ce000000|  0%| F|  |TAMS 0x00000006cdc00000, 0x00000006cdc00000| Untracked 
| 824|0x00000006ce000000, 0x00000006ce000000, 0x00000006ce400000|  0%| F|  |TAMS 0x00000006ce000000, 0x00000006ce000000| Untracked 
| 825|0x00000006ce400000, 0x00000006ce400000, 0x00000006ce800000|  0%| F|  |TAMS 0x00000006ce400000, 0x00000006ce400000| Untracked 
| 826|0x00000006ce800000, 0x00000006ce800000, 0x00000006cec00000|  0%| F|  |TAMS 0x00000006ce800000, 0x00000006ce800000| Untracked 
| 827|0x00000006cec00000, 0x00000006cec00000, 0x00000006cf000000|  0%| F|  |TAMS 0x00000006cec00000, 0x00000006cec00000| Untracked 
| 828|0x00000006cf000000, 0x00000006cf000000, 0x00000006cf400000|  0%| F|  |TAMS 0x00000006cf000000, 0x00000006cf000000| Untracked 
| 829|0x00000006cf400000, 0x00000006cf400000, 0x00000006cf800000|  0%| F|  |TAMS 0x00000006cf400000, 0x00000006cf400000| Untracked 
| 830|0x00000006cf800000, 0x00000006cf800000, 0x00000006cfc00000|  0%| F|  |TAMS 0x00000006cf800000, 0x00000006cf800000| Untracked 
| 831|0x00000006cfc00000, 0x00000006cfc00000, 0x00000006d0000000|  0%| F|  |TAMS 0x00000006cfc00000, 0x00000006cfc00000| Untracked 
| 832|0x00000006d0000000, 0x00000006d0000000, 0x00000006d0400000|  0%| F|  |TAMS 0x00000006d0000000, 0x00000006d0000000| Untracked 
| 833|0x00000006d0400000, 0x00000006d0400000, 0x00000006d0800000|  0%| F|  |TAMS 0x00000006d0400000, 0x00000006d0400000| Untracked 
| 834|0x00000006d0800000, 0x00000006d0800000, 0x00000006d0c00000|  0%| F|  |TAMS 0x00000006d0800000, 0x00000006d0800000| Untracked 
| 835|0x00000006d0c00000, 0x00000006d0c00000, 0x00000006d1000000|  0%| F|  |TAMS 0x00000006d0c00000, 0x00000006d0c00000| Untracked 
| 836|0x00000006d1000000, 0x00000006d1000000, 0x00000006d1400000|  0%| F|  |TAMS 0x00000006d1000000, 0x00000006d1000000| Untracked 
| 837|0x00000006d1400000, 0x00000006d1400000, 0x00000006d1800000|  0%| F|  |TAMS 0x00000006d1400000, 0x00000006d1400000| Untracked 
| 838|0x00000006d1800000, 0x00000006d1800000, 0x00000006d1c00000|  0%| F|  |TAMS 0x00000006d1800000, 0x00000006d1800000| Untracked 
| 839|0x00000006d1c00000, 0x00000006d1c00000, 0x00000006d2000000|  0%| F|  |TAMS 0x00000006d1c00000, 0x00000006d1c00000| Untracked 
| 840|0x00000006d2000000, 0x00000006d2000000, 0x00000006d2400000|  0%| F|  |TAMS 0x00000006d2000000, 0x00000006d2000000| Untracked 
| 841|0x00000006d2400000, 0x00000006d2400000, 0x00000006d2800000|  0%| F|  |TAMS 0x00000006d2400000, 0x00000006d2400000| Untracked 
| 842|0x00000006d2800000, 0x00000006d2800000, 0x00000006d2c00000|  0%| F|  |TAMS 0x00000006d2800000, 0x00000006d2800000| Untracked 
| 843|0x00000006d2c00000, 0x00000006d2c00000, 0x00000006d3000000|  0%| F|  |TAMS 0x00000006d2c00000, 0x00000006d2c00000| Untracked 
| 844|0x00000006d3000000, 0x00000006d3000000, 0x00000006d3400000|  0%| F|  |TAMS 0x00000006d3000000, 0x00000006d3000000| Untracked 
| 845|0x00000006d3400000, 0x00000006d3400000, 0x00000006d3800000|  0%| F|  |TAMS 0x00000006d3400000, 0x00000006d3400000| Untracked 
| 846|0x00000006d3800000, 0x00000006d3800000, 0x00000006d3c00000|  0%| F|  |TAMS 0x00000006d3800000, 0x00000006d3800000| Untracked 
| 847|0x00000006d3c00000, 0x00000006d3c00000, 0x00000006d4000000|  0%| F|  |TAMS 0x00000006d3c00000, 0x00000006d3c00000| Untracked 
| 848|0x00000006d4000000, 0x00000006d4000000, 0x00000006d4400000|  0%| F|  |TAMS 0x00000006d4000000, 0x00000006d4000000| Untracked 
| 849|0x00000006d4400000, 0x00000006d4400000, 0x00000006d4800000|  0%| F|  |TAMS 0x00000006d4400000, 0x00000006d4400000| Untracked 
| 850|0x00000006d4800000, 0x00000006d4800000, 0x00000006d4c00000|  0%| F|  |TAMS 0x00000006d4800000, 0x00000006d4800000| Untracked 
| 851|0x00000006d4c00000, 0x00000006d4c00000, 0x00000006d5000000|  0%| F|  |TAMS 0x00000006d4c00000, 0x00000006d4c00000| Untracked 
| 852|0x00000006d5000000, 0x00000006d5000000, 0x00000006d5400000|  0%| F|  |TAMS 0x00000006d5000000, 0x00000006d5000000| Untracked 
| 853|0x00000006d5400000, 0x00000006d5400000, 0x00000006d5800000|  0%| F|  |TAMS 0x00000006d5400000, 0x00000006d5400000| Untracked 
| 854|0x00000006d5800000, 0x00000006d5800000, 0x00000006d5c00000|  0%| F|  |TAMS 0x00000006d5800000, 0x00000006d5800000| Untracked 
| 855|0x00000006d5c00000, 0x00000006d5c00000, 0x00000006d6000000|  0%| F|  |TAMS 0x00000006d5c00000, 0x00000006d5c00000| Untracked 
| 856|0x00000006d6000000, 0x00000006d6000000, 0x00000006d6400000|  0%| F|  |TAMS 0x00000006d6000000, 0x00000006d6000000| Untracked 
| 857|0x00000006d6400000, 0x00000006d6400000, 0x00000006d6800000|  0%| F|  |TAMS 0x00000006d6400000, 0x00000006d6400000| Untracked 
| 858|0x00000006d6800000, 0x00000006d6800000, 0x00000006d6c00000|  0%| F|  |TAMS 0x00000006d6800000, 0x00000006d6800000| Untracked 
| 859|0x00000006d6c00000, 0x00000006d6c00000, 0x00000006d7000000|  0%| F|  |TAMS 0x00000006d6c00000, 0x00000006d6c00000| Untracked 
| 860|0x00000006d7000000, 0x00000006d7000000, 0x00000006d7400000|  0%| F|  |TAMS 0x00000006d7000000, 0x00000006d7000000| Untracked 
| 861|0x00000006d7400000, 0x00000006d7400000, 0x00000006d7800000|  0%| F|  |TAMS 0x00000006d7400000, 0x00000006d7400000| Untracked 
| 862|0x00000006d7800000, 0x00000006d7800000, 0x00000006d7c00000|  0%| F|  |TAMS 0x00000006d7800000, 0x00000006d7800000| Untracked 
| 863|0x00000006d7c00000, 0x00000006d7c00000, 0x00000006d8000000|  0%| F|  |TAMS 0x00000006d7c00000, 0x00000006d7c00000| Untracked 
| 864|0x00000006d8000000, 0x00000006d8000000, 0x00000006d8400000|  0%| F|  |TAMS 0x00000006d8000000, 0x00000006d8000000| Untracked 
| 865|0x00000006d8400000, 0x00000006d8400000, 0x00000006d8800000|  0%| F|  |TAMS 0x00000006d8400000, 0x00000006d8400000| Untracked 
| 866|0x00000006d8800000, 0x00000006d8800000, 0x00000006d8c00000|  0%| F|  |TAMS 0x00000006d8800000, 0x00000006d8800000| Untracked 
| 867|0x00000006d8c00000, 0x00000006d8c00000, 0x00000006d9000000|  0%| F|  |TAMS 0x00000006d8c00000, 0x00000006d8c00000| Untracked 
| 868|0x00000006d9000000, 0x00000006d9000000, 0x00000006d9400000|  0%| F|  |TAMS 0x00000006d9000000, 0x00000006d9000000| Untracked 
| 869|0x00000006d9400000, 0x00000006d9400000, 0x00000006d9800000|  0%| F|  |TAMS 0x00000006d9400000, 0x00000006d9400000| Untracked 
| 870|0x00000006d9800000, 0x00000006d9800000, 0x00000006d9c00000|  0%| F|  |TAMS 0x00000006d9800000, 0x00000006d9800000| Untracked 
| 871|0x00000006d9c00000, 0x00000006d9c00000, 0x00000006da000000|  0%| F|  |TAMS 0x00000006d9c00000, 0x00000006d9c00000| Untracked 
| 872|0x00000006da000000, 0x00000006da000000, 0x00000006da400000|  0%| F|  |TAMS 0x00000006da000000, 0x00000006da000000| Untracked 
| 873|0x00000006da400000, 0x00000006da400000, 0x00000006da800000|  0%| F|  |TAMS 0x00000006da400000, 0x00000006da400000| Untracked 
| 874|0x00000006da800000, 0x00000006da800000, 0x00000006dac00000|  0%| F|  |TAMS 0x00000006da800000, 0x00000006da800000| Untracked 
| 875|0x00000006dac00000, 0x00000006dac00000, 0x00000006db000000|  0%| F|  |TAMS 0x00000006dac00000, 0x00000006dac00000| Untracked 
| 876|0x00000006db000000, 0x00000006db000000, 0x00000006db400000|  0%| F|  |TAMS 0x00000006db000000, 0x00000006db000000| Untracked 
| 877|0x00000006db400000, 0x00000006db400000, 0x00000006db800000|  0%| F|  |TAMS 0x00000006db400000, 0x00000006db400000| Untracked 
| 878|0x00000006db800000, 0x00000006db800000, 0x00000006dbc00000|  0%| F|  |TAMS 0x00000006db800000, 0x00000006db800000| Untracked 
| 879|0x00000006dbc00000, 0x00000006dbc00000, 0x00000006dc000000|  0%| F|  |TAMS 0x00000006dbc00000, 0x00000006dbc00000| Untracked 
| 880|0x00000006dc000000, 0x00000006dc000000, 0x00000006dc400000|  0%| F|  |TAMS 0x00000006dc000000, 0x00000006dc000000| Untracked 
| 881|0x00000006dc400000, 0x00000006dc400000, 0x00000006dc800000|  0%| F|  |TAMS 0x00000006dc400000, 0x00000006dc400000| Untracked 
| 882|0x00000006dc800000, 0x00000006dc800000, 0x00000006dcc00000|  0%| F|  |TAMS 0x00000006dc800000, 0x00000006dc800000| Untracked 
| 883|0x00000006dcc00000, 0x00000006dcc00000, 0x00000006dd000000|  0%| F|  |TAMS 0x00000006dcc00000, 0x00000006dcc00000| Untracked 
| 884|0x00000006dd000000, 0x00000006dd000000, 0x00000006dd400000|  0%| F|  |TAMS 0x00000006dd000000, 0x00000006dd000000| Untracked 
| 885|0x00000006dd400000, 0x00000006dd400000, 0x00000006dd800000|  0%| F|  |TAMS 0x00000006dd400000, 0x00000006dd400000| Untracked 
| 886|0x00000006dd800000, 0x00000006dd800000, 0x00000006ddc00000|  0%| F|  |TAMS 0x00000006dd800000, 0x00000006dd800000| Untracked 
| 887|0x00000006ddc00000, 0x00000006ddc00000, 0x00000006de000000|  0%| F|  |TAMS 0x00000006ddc00000, 0x00000006ddc00000| Untracked 
| 888|0x00000006de000000, 0x00000006de000000, 0x00000006de400000|  0%| F|  |TAMS 0x00000006de000000, 0x00000006de000000| Untracked 
| 889|0x00000006de400000, 0x00000006de400000, 0x00000006de800000|  0%| F|  |TAMS 0x00000006de400000, 0x00000006de400000| Untracked 
| 890|0x00000006de800000, 0x00000006de800000, 0x00000006dec00000|  0%| F|  |TAMS 0x00000006de800000, 0x00000006de800000| Untracked 
| 891|0x00000006dec00000, 0x00000006dec00000, 0x00000006df000000|  0%| F|  |TAMS 0x00000006dec00000, 0x00000006dec00000| Untracked 
| 892|0x00000006df000000, 0x00000006df000000, 0x00000006df400000|  0%| F|  |TAMS 0x00000006df000000, 0x00000006df000000| Untracked 
| 893|0x00000006df400000, 0x00000006df400000, 0x00000006df800000|  0%| F|  |TAMS 0x00000006df400000, 0x00000006df400000| Untracked 
| 894|0x00000006df800000, 0x00000006df800000, 0x00000006dfc00000|  0%| F|  |TAMS 0x00000006df800000, 0x00000006df800000| Untracked 
| 895|0x00000006dfc00000, 0x00000006dfc00000, 0x00000006e0000000|  0%| F|  |TAMS 0x00000006dfc00000, 0x00000006dfc00000| Untracked 
| 896|0x00000006e0000000, 0x00000006e0000000, 0x00000006e0400000|  0%| F|  |TAMS 0x00000006e0000000, 0x00000006e0000000| Untracked 
| 897|0x00000006e0400000, 0x00000006e0400000, 0x00000006e0800000|  0%| F|  |TAMS 0x00000006e0400000, 0x00000006e0400000| Untracked 
| 898|0x00000006e0800000, 0x00000006e0800000, 0x00000006e0c00000|  0%| F|  |TAMS 0x00000006e0800000, 0x00000006e0800000| Untracked 
| 899|0x00000006e0c00000, 0x00000006e0c00000, 0x00000006e1000000|  0%| F|  |TAMS 0x00000006e0c00000, 0x00000006e0c00000| Untracked 
| 900|0x00000006e1000000, 0x00000006e1000000, 0x00000006e1400000|  0%| F|  |TAMS 0x00000006e1000000, 0x00000006e1000000| Untracked 
| 901|0x00000006e1400000, 0x00000006e1400000, 0x00000006e1800000|  0%| F|  |TAMS 0x00000006e1400000, 0x00000006e1400000| Untracked 
| 902|0x00000006e1800000, 0x00000006e1800000, 0x00000006e1c00000|  0%| F|  |TAMS 0x00000006e1800000, 0x00000006e1800000| Untracked 
| 903|0x00000006e1c00000, 0x00000006e1c00000, 0x00000006e2000000|  0%| F|  |TAMS 0x00000006e1c00000, 0x00000006e1c00000| Untracked 
| 904|0x00000006e2000000, 0x00000006e2000000, 0x00000006e2400000|  0%| F|  |TAMS 0x00000006e2000000, 0x00000006e2000000| Untracked 
| 905|0x00000006e2400000, 0x00000006e2400000, 0x00000006e2800000|  0%| F|  |TAMS 0x00000006e2400000, 0x00000006e2400000| Untracked 
| 906|0x00000006e2800000, 0x00000006e2800000, 0x00000006e2c00000|  0%| F|  |TAMS 0x00000006e2800000, 0x00000006e2800000| Untracked 
| 907|0x00000006e2c00000, 0x00000006e2c00000, 0x00000006e3000000|  0%| F|  |TAMS 0x00000006e2c00000, 0x00000006e2c00000| Untracked 
| 908|0x00000006e3000000, 0x00000006e3000000, 0x00000006e3400000|  0%| F|  |TAMS 0x00000006e3000000, 0x00000006e3000000| Untracked 
| 909|0x00000006e3400000, 0x00000006e3400000, 0x00000006e3800000|  0%| F|  |TAMS 0x00000006e3400000, 0x00000006e3400000| Untracked 
| 910|0x00000006e3800000, 0x00000006e3800000, 0x00000006e3c00000|  0%| F|  |TAMS 0x00000006e3800000, 0x00000006e3800000| Untracked 
| 911|0x00000006e3c00000, 0x00000006e3c00000, 0x00000006e4000000|  0%| F|  |TAMS 0x00000006e3c00000, 0x00000006e3c00000| Untracked 
| 912|0x00000006e4000000, 0x00000006e4000000, 0x00000006e4400000|  0%| F|  |TAMS 0x00000006e4000000, 0x00000006e4000000| Untracked 
| 913|0x00000006e4400000, 0x00000006e4400000, 0x00000006e4800000|  0%| F|  |TAMS 0x00000006e4400000, 0x00000006e4400000| Untracked 
| 914|0x00000006e4800000, 0x00000006e4800000, 0x00000006e4c00000|  0%| F|  |TAMS 0x00000006e4800000, 0x00000006e4800000| Untracked 
| 915|0x00000006e4c00000, 0x00000006e4c00000, 0x00000006e5000000|  0%| F|  |TAMS 0x00000006e4c00000, 0x00000006e4c00000| Untracked 
| 916|0x00000006e5000000, 0x00000006e5000000, 0x00000006e5400000|  0%| F|  |TAMS 0x00000006e5000000, 0x00000006e5000000| Untracked 
| 917|0x00000006e5400000, 0x00000006e5400000, 0x00000006e5800000|  0%| F|  |TAMS 0x00000006e5400000, 0x00000006e5400000| Untracked 
| 918|0x00000006e5800000, 0x00000006e5800000, 0x00000006e5c00000|  0%| F|  |TAMS 0x00000006e5800000, 0x00000006e5800000| Untracked 
| 919|0x00000006e5c00000, 0x00000006e5c00000, 0x00000006e6000000|  0%| F|  |TAMS 0x00000006e5c00000, 0x00000006e5c00000| Untracked 
| 920|0x00000006e6000000, 0x00000006e6000000, 0x00000006e6400000|  0%| F|  |TAMS 0x00000006e6000000, 0x00000006e6000000| Untracked 
| 921|0x00000006e6400000, 0x00000006e6400000, 0x00000006e6800000|  0%| F|  |TAMS 0x00000006e6400000, 0x00000006e6400000| Untracked 
| 922|0x00000006e6800000, 0x00000006e6800000, 0x00000006e6c00000|  0%| F|  |TAMS 0x00000006e6800000, 0x00000006e6800000| Untracked 
| 923|0x00000006e6c00000, 0x00000006e6c00000, 0x00000006e7000000|  0%| F|  |TAMS 0x00000006e6c00000, 0x00000006e6c00000| Untracked 
| 924|0x00000006e7000000, 0x00000006e7000000, 0x00000006e7400000|  0%| F|  |TAMS 0x00000006e7000000, 0x00000006e7000000| Untracked 
| 925|0x00000006e7400000, 0x00000006e7400000, 0x00000006e7800000|  0%| F|  |TAMS 0x00000006e7400000, 0x00000006e7400000| Untracked 
| 926|0x00000006e7800000, 0x00000006e7800000, 0x00000006e7c00000|  0%| F|  |TAMS 0x00000006e7800000, 0x00000006e7800000| Untracked 
| 927|0x00000006e7c00000, 0x00000006e7c00000, 0x00000006e8000000|  0%| F|  |TAMS 0x00000006e7c00000, 0x00000006e7c00000| Untracked 
| 928|0x00000006e8000000, 0x00000006e8000000, 0x00000006e8400000|  0%| F|  |TAMS 0x00000006e8000000, 0x00000006e8000000| Untracked 
| 929|0x00000006e8400000, 0x00000006e8400000, 0x00000006e8800000|  0%| F|  |TAMS 0x00000006e8400000, 0x00000006e8400000| Untracked 
| 930|0x00000006e8800000, 0x00000006e8800000, 0x00000006e8c00000|  0%| F|  |TAMS 0x00000006e8800000, 0x00000006e8800000| Untracked 
| 931|0x00000006e8c00000, 0x00000006e8c00000, 0x00000006e9000000|  0%| F|  |TAMS 0x00000006e8c00000, 0x00000006e8c00000| Untracked 
| 932|0x00000006e9000000, 0x00000006e9000000, 0x00000006e9400000|  0%| F|  |TAMS 0x00000006e9000000, 0x00000006e9000000| Untracked 
| 933|0x00000006e9400000, 0x00000006e9400000, 0x00000006e9800000|  0%| F|  |TAMS 0x00000006e9400000, 0x00000006e9400000| Untracked 
| 934|0x00000006e9800000, 0x00000006e9800000, 0x00000006e9c00000|  0%| F|  |TAMS 0x00000006e9800000, 0x00000006e9800000| Untracked 
| 935|0x00000006e9c00000, 0x00000006e9c00000, 0x00000006ea000000|  0%| F|  |TAMS 0x00000006e9c00000, 0x00000006e9c00000| Untracked 
| 936|0x00000006ea000000, 0x00000006ea000000, 0x00000006ea400000|  0%| F|  |TAMS 0x00000006ea000000, 0x00000006ea000000| Untracked 
| 937|0x00000006ea400000, 0x00000006ea400000, 0x00000006ea800000|  0%| F|  |TAMS 0x00000006ea400000, 0x00000006ea400000| Untracked 
| 938|0x00000006ea800000, 0x00000006ea800000, 0x00000006eac00000|  0%| F|  |TAMS 0x00000006ea800000, 0x00000006ea800000| Untracked 
| 939|0x00000006eac00000, 0x00000006eac00000, 0x00000006eb000000|  0%| F|  |TAMS 0x00000006eac00000, 0x00000006eac00000| Untracked 
| 940|0x00000006eb000000, 0x00000006eb000000, 0x00000006eb400000|  0%| F|  |TAMS 0x00000006eb000000, 0x00000006eb000000| Untracked 
| 941|0x00000006eb400000, 0x00000006eb400000, 0x00000006eb800000|  0%| F|  |TAMS 0x00000006eb400000, 0x00000006eb400000| Untracked 
| 942|0x00000006eb800000, 0x00000006eb800000, 0x00000006ebc00000|  0%| F|  |TAMS 0x00000006eb800000, 0x00000006eb800000| Untracked 
| 943|0x00000006ebc00000, 0x00000006ebc00000, 0x00000006ec000000|  0%| F|  |TAMS 0x00000006ebc00000, 0x00000006ebc00000| Untracked 
| 944|0x00000006ec000000, 0x00000006ec000000, 0x00000006ec400000|  0%| F|  |TAMS 0x00000006ec000000, 0x00000006ec000000| Untracked 
| 945|0x00000006ec400000, 0x00000006ec400000, 0x00000006ec800000|  0%| F|  |TAMS 0x00000006ec400000, 0x00000006ec400000| Untracked 
| 946|0x00000006ec800000, 0x00000006ec800000, 0x00000006ecc00000|  0%| F|  |TAMS 0x00000006ec800000, 0x00000006ec800000| Untracked 
| 947|0x00000006ecc00000, 0x00000006ecc00000, 0x00000006ed000000|  0%| F|  |TAMS 0x00000006ecc00000, 0x00000006ecc00000| Untracked 
| 948|0x00000006ed000000, 0x00000006ed000000, 0x00000006ed400000|  0%| F|  |TAMS 0x00000006ed000000, 0x00000006ed000000| Untracked 
| 949|0x00000006ed400000, 0x00000006ed400000, 0x00000006ed800000|  0%| F|  |TAMS 0x00000006ed400000, 0x00000006ed400000| Untracked 
| 950|0x00000006ed800000, 0x00000006ed800000, 0x00000006edc00000|  0%| F|  |TAMS 0x00000006ed800000, 0x00000006ed800000| Untracked 
| 951|0x00000006edc00000, 0x00000006edc00000, 0x00000006ee000000|  0%| F|  |TAMS 0x00000006edc00000, 0x00000006edc00000| Untracked 
| 952|0x00000006ee000000, 0x00000006ee000000, 0x00000006ee400000|  0%| F|  |TAMS 0x00000006ee000000, 0x00000006ee000000| Untracked 
| 953|0x00000006ee400000, 0x00000006ee400000, 0x00000006ee800000|  0%| F|  |TAMS 0x00000006ee400000, 0x00000006ee400000| Untracked 
| 954|0x00000006ee800000, 0x00000006ee800000, 0x00000006eec00000|  0%| F|  |TAMS 0x00000006ee800000, 0x00000006ee800000| Untracked 
| 955|0x00000006eec00000, 0x00000006eec00000, 0x00000006ef000000|  0%| F|  |TAMS 0x00000006eec00000, 0x00000006eec00000| Untracked 
| 956|0x00000006ef000000, 0x00000006ef000000, 0x00000006ef400000|  0%| F|  |TAMS 0x00000006ef000000, 0x00000006ef000000| Untracked 
| 957|0x00000006ef400000, 0x00000006ef400000, 0x00000006ef800000|  0%| F|  |TAMS 0x00000006ef400000, 0x00000006ef400000| Untracked 
| 958|0x00000006ef800000, 0x00000006ef800000, 0x00000006efc00000|  0%| F|  |TAMS 0x00000006ef800000, 0x00000006ef800000| Untracked 
| 959|0x00000006efc00000, 0x00000006efc00000, 0x00000006f0000000|  0%| F|  |TAMS 0x00000006efc00000, 0x00000006efc00000| Untracked 
| 960|0x00000006f0000000, 0x00000006f0000000, 0x00000006f0400000|  0%| F|  |TAMS 0x00000006f0000000, 0x00000006f0000000| Untracked 
| 961|0x00000006f0400000, 0x00000006f0400000, 0x00000006f0800000|  0%| F|  |TAMS 0x00000006f0400000, 0x00000006f0400000| Untracked 
| 962|0x00000006f0800000, 0x00000006f0800000, 0x00000006f0c00000|  0%| F|  |TAMS 0x00000006f0800000, 0x00000006f0800000| Untracked 
| 963|0x00000006f0c00000, 0x00000006f0c00000, 0x00000006f1000000|  0%| F|  |TAMS 0x00000006f0c00000, 0x00000006f0c00000| Untracked 
| 964|0x00000006f1000000, 0x00000006f1000000, 0x00000006f1400000|  0%| F|  |TAMS 0x00000006f1000000, 0x00000006f1000000| Untracked 
| 965|0x00000006f1400000, 0x00000006f1400000, 0x00000006f1800000|  0%| F|  |TAMS 0x00000006f1400000, 0x00000006f1400000| Untracked 
| 966|0x00000006f1800000, 0x00000006f1800000, 0x00000006f1c00000|  0%| F|  |TAMS 0x00000006f1800000, 0x00000006f1800000| Untracked 
| 967|0x00000006f1c00000, 0x00000006f1c00000, 0x00000006f2000000|  0%| F|  |TAMS 0x00000006f1c00000, 0x00000006f1c00000| Untracked 
| 968|0x00000006f2000000, 0x00000006f2000000, 0x00000006f2400000|  0%| F|  |TAMS 0x00000006f2000000, 0x00000006f2000000| Untracked 
| 969|0x00000006f2400000, 0x00000006f2400000, 0x00000006f2800000|  0%| F|  |TAMS 0x00000006f2400000, 0x00000006f2400000| Untracked 
| 970|0x00000006f2800000, 0x00000006f2800000, 0x00000006f2c00000|  0%| F|  |TAMS 0x00000006f2800000, 0x00000006f2800000| Untracked 
| 971|0x00000006f2c00000, 0x00000006f2c00000, 0x00000006f3000000|  0%| F|  |TAMS 0x00000006f2c00000, 0x00000006f2c00000| Untracked 
| 972|0x00000006f3000000, 0x00000006f3000000, 0x00000006f3400000|  0%| F|  |TAMS 0x00000006f3000000, 0x00000006f3000000| Untracked 
| 973|0x00000006f3400000, 0x00000006f3400000, 0x00000006f3800000|  0%| F|  |TAMS 0x00000006f3400000, 0x00000006f3400000| Untracked 
| 974|0x00000006f3800000, 0x00000006f3800000, 0x00000006f3c00000|  0%| F|  |TAMS 0x00000006f3800000, 0x00000006f3800000| Untracked 
| 975|0x00000006f3c00000, 0x00000006f3c00000, 0x00000006f4000000|  0%| F|  |TAMS 0x00000006f3c00000, 0x00000006f3c00000| Untracked 
| 976|0x00000006f4000000, 0x00000006f4000000, 0x00000006f4400000|  0%| F|  |TAMS 0x00000006f4000000, 0x00000006f4000000| Untracked 
| 977|0x00000006f4400000, 0x00000006f4400000, 0x00000006f4800000|  0%| F|  |TAMS 0x00000006f4400000, 0x00000006f4400000| Untracked 
| 978|0x00000006f4800000, 0x00000006f4800000, 0x00000006f4c00000|  0%| F|  |TAMS 0x00000006f4800000, 0x00000006f4800000| Untracked 
| 979|0x00000006f4c00000, 0x00000006f4c00000, 0x00000006f5000000|  0%| F|  |TAMS 0x00000006f4c00000, 0x00000006f4c00000| Untracked 
| 980|0x00000006f5000000, 0x00000006f5000000, 0x00000006f5400000|  0%| F|  |TAMS 0x00000006f5000000, 0x00000006f5000000| Untracked 
| 981|0x00000006f5400000, 0x00000006f5400000, 0x00000006f5800000|  0%| F|  |TAMS 0x00000006f5400000, 0x00000006f5400000| Untracked 
| 982|0x00000006f5800000, 0x00000006f5800000, 0x00000006f5c00000|  0%| F|  |TAMS 0x00000006f5800000, 0x00000006f5800000| Untracked 
| 983|0x00000006f5c00000, 0x00000006f5c00000, 0x00000006f6000000|  0%| F|  |TAMS 0x00000006f5c00000, 0x00000006f5c00000| Untracked 
| 984|0x00000006f6000000, 0x00000006f6000000, 0x00000006f6400000|  0%| F|  |TAMS 0x00000006f6000000, 0x00000006f6000000| Untracked 
| 985|0x00000006f6400000, 0x00000006f6400000, 0x00000006f6800000|  0%| F|  |TAMS 0x00000006f6400000, 0x00000006f6400000| Untracked 
| 986|0x00000006f6800000, 0x00000006f6800000, 0x00000006f6c00000|  0%| F|  |TAMS 0x00000006f6800000, 0x00000006f6800000| Untracked 
| 987|0x00000006f6c00000, 0x00000006f6c00000, 0x00000006f7000000|  0%| F|  |TAMS 0x00000006f6c00000, 0x00000006f6c00000| Untracked 
| 988|0x00000006f7000000, 0x00000006f7000000, 0x00000006f7400000|  0%| F|  |TAMS 0x00000006f7000000, 0x00000006f7000000| Untracked 
| 989|0x00000006f7400000, 0x00000006f7400000, 0x00000006f7800000|  0%| F|  |TAMS 0x00000006f7400000, 0x00000006f7400000| Untracked 
| 990|0x00000006f7800000, 0x00000006f7800000, 0x00000006f7c00000|  0%| F|  |TAMS 0x00000006f7800000, 0x00000006f7800000| Untracked 
| 991|0x00000006f7c00000, 0x00000006f7c00000, 0x00000006f8000000|  0%| F|  |TAMS 0x00000006f7c00000, 0x00000006f7c00000| Untracked 
| 992|0x00000006f8000000, 0x00000006f8000000, 0x00000006f8400000|  0%| F|  |TAMS 0x00000006f8000000, 0x00000006f8000000| Untracked 
| 993|0x00000006f8400000, 0x00000006f8400000, 0x00000006f8800000|  0%| F|  |TAMS 0x00000006f8400000, 0x00000006f8400000| Untracked 
| 994|0x00000006f8800000, 0x00000006f8800000, 0x00000006f8c00000|  0%| F|  |TAMS 0x00000006f8800000, 0x00000006f8800000| Untracked 
| 995|0x00000006f8c00000, 0x00000006f8c00000, 0x00000006f9000000|  0%| F|  |TAMS 0x00000006f8c00000, 0x00000006f8c00000| Untracked 
| 996|0x00000006f9000000, 0x00000006f9000000, 0x00000006f9400000|  0%| F|  |TAMS 0x00000006f9000000, 0x00000006f9000000| Untracked 
| 997|0x00000006f9400000, 0x00000006f9400000, 0x00000006f9800000|  0%| F|  |TAMS 0x00000006f9400000, 0x00000006f9400000| Untracked 
| 998|0x00000006f9800000, 0x00000006f9800000, 0x00000006f9c00000|  0%| F|  |TAMS 0x00000006f9800000, 0x00000006f9800000| Untracked 
| 999|0x00000006f9c00000, 0x00000006f9c00000, 0x00000006fa000000|  0%| F|  |TAMS 0x00000006f9c00000, 0x00000006f9c00000| Untracked 
|1000|0x00000006fa000000, 0x00000006fa000000, 0x00000006fa400000|  0%| F|  |TAMS 0x00000006fa000000, 0x00000006fa000000| Untracked 
|1001|0x00000006fa400000, 0x00000006fa400000, 0x00000006fa800000|  0%| F|  |TAMS 0x00000006fa400000, 0x00000006fa400000| Untracked 
|1002|0x00000006fa800000, 0x00000006fa800000, 0x00000006fac00000|  0%| F|  |TAMS 0x00000006fa800000, 0x00000006fa800000| Untracked 
|1003|0x00000006fac00000, 0x00000006fac00000, 0x00000006fb000000|  0%| F|  |TAMS 0x00000006fac00000, 0x00000006fac00000| Untracked 
|1004|0x00000006fb000000, 0x00000006fb000000, 0x00000006fb400000|  0%| F|  |TAMS 0x00000006fb000000, 0x00000006fb000000| Untracked 
|1005|0x00000006fb400000, 0x00000006fb400000, 0x00000006fb800000|  0%| F|  |TAMS 0x00000006fb400000, 0x00000006fb400000| Untracked 
|1006|0x00000006fb800000, 0x00000006fb800000, 0x00000006fbc00000|  0%| F|  |TAMS 0x00000006fb800000, 0x00000006fb800000| Untracked 
|1007|0x00000006fbc00000, 0x00000006fbc00000, 0x00000006fc000000|  0%| F|  |TAMS 0x00000006fbc00000, 0x00000006fbc00000| Untracked 
|1008|0x00000006fc000000, 0x00000006fc000000, 0x00000006fc400000|  0%| F|  |TAMS 0x00000006fc000000, 0x00000006fc000000| Untracked 
|1009|0x00000006fc400000, 0x00000006fc400000, 0x00000006fc800000|  0%| F|  |TAMS 0x00000006fc400000, 0x00000006fc400000| Untracked 
|1010|0x00000006fc800000, 0x00000006fc800000, 0x00000006fcc00000|  0%| F|  |TAMS 0x00000006fc800000, 0x00000006fc800000| Untracked 
|1011|0x00000006fcc00000, 0x00000006fcc00000, 0x00000006fd000000|  0%| F|  |TAMS 0x00000006fcc00000, 0x00000006fcc00000| Untracked 
|1012|0x00000006fd000000, 0x00000006fd000000, 0x00000006fd400000|  0%| F|  |TAMS 0x00000006fd000000, 0x00000006fd000000| Untracked 
|1013|0x00000006fd400000, 0x00000006fd400000, 0x00000006fd800000|  0%| F|  |TAMS 0x00000006fd400000, 0x00000006fd400000| Untracked 
|1014|0x00000006fd800000, 0x00000006fd800000, 0x00000006fdc00000|  0%| F|  |TAMS 0x00000006fd800000, 0x00000006fd800000| Untracked 
|1015|0x00000006fdc00000, 0x00000006fdc00000, 0x00000006fe000000|  0%| F|  |TAMS 0x00000006fdc00000, 0x00000006fdc00000| Untracked 
|1016|0x00000006fe000000, 0x00000006fe000000, 0x00000006fe400000|  0%| F|  |TAMS 0x00000006fe000000, 0x00000006fe000000| Untracked 
|1017|0x00000006fe400000, 0x00000006fe400000, 0x00000006fe800000|  0%| F|  |TAMS 0x00000006fe400000, 0x00000006fe400000| Untracked 
|1018|0x00000006fe800000, 0x00000006fe800000, 0x00000006fec00000|  0%| F|  |TAMS 0x00000006fe800000, 0x00000006fe800000| Untracked 
|1019|0x00000006fec00000, 0x00000006fec00000, 0x00000006ff000000|  0%| F|  |TAMS 0x00000006fec00000, 0x00000006fec00000| Untracked 
|1020|0x00000006ff000000, 0x00000006ff000000, 0x00000006ff400000|  0%| F|  |TAMS 0x00000006ff000000, 0x00000006ff000000| Untracked 
|1021|0x00000006ff400000, 0x00000006ff400000, 0x00000006ff800000|  0%| F|  |TAMS 0x00000006ff400000, 0x00000006ff400000| Untracked 
|1022|0x00000006ff800000, 0x00000006ff800000, 0x00000006ffc00000|  0%| F|  |TAMS 0x00000006ff800000, 0x00000006ff800000| Untracked 
|1023|0x00000006ffc00000, 0x00000006ffc00000, 0x0000000700000000|  0%| F|  |TAMS 0x00000006ffc00000, 0x00000006ffc00000| Untracked 
|1024|0x0000000700000000, 0x0000000700000000, 0x0000000700400000|  0%| F|  |TAMS 0x0000000700000000, 0x0000000700000000| Untracked 
|1025|0x0000000700400000, 0x0000000700400000, 0x0000000700800000|  0%| F|  |TAMS 0x0000000700400000, 0x0000000700400000| Untracked 
|1026|0x0000000700800000, 0x0000000700800000, 0x0000000700c00000|  0%| F|  |TAMS 0x0000000700800000, 0x0000000700800000| Untracked 
|1027|0x0000000700c00000, 0x0000000700c00000, 0x0000000701000000|  0%| F|  |TAMS 0x0000000700c00000, 0x0000000700c00000| Untracked 
|1028|0x0000000701000000, 0x0000000701000000, 0x0000000701400000|  0%| F|  |TAMS 0x0000000701000000, 0x0000000701000000| Untracked 
|1029|0x0000000701400000, 0x0000000701400000, 0x0000000701800000|  0%| F|  |TAMS 0x0000000701400000, 0x0000000701400000| Untracked 
|1030|0x0000000701800000, 0x0000000701800000, 0x0000000701c00000|  0%| F|  |TAMS 0x0000000701800000, 0x0000000701800000| Untracked 
|1031|0x0000000701c00000, 0x0000000701c00000, 0x0000000702000000|  0%| F|  |TAMS 0x0000000701c00000, 0x0000000701c00000| Untracked 
|1032|0x0000000702000000, 0x0000000702000000, 0x0000000702400000|  0%| F|  |TAMS 0x0000000702000000, 0x0000000702000000| Untracked 
|1033|0x0000000702400000, 0x0000000702400000, 0x0000000702800000|  0%| F|  |TAMS 0x0000000702400000, 0x0000000702400000| Untracked 
|1034|0x0000000702800000, 0x0000000702800000, 0x0000000702c00000|  0%| F|  |TAMS 0x0000000702800000, 0x0000000702800000| Untracked 
|1035|0x0000000702c00000, 0x0000000702c00000, 0x0000000703000000|  0%| F|  |TAMS 0x0000000702c00000, 0x0000000702c00000| Untracked 
|1036|0x0000000703000000, 0x0000000703000000, 0x0000000703400000|  0%| F|  |TAMS 0x0000000703000000, 0x0000000703000000| Untracked 
|1037|0x0000000703400000, 0x0000000703400000, 0x0000000703800000|  0%| F|  |TAMS 0x0000000703400000, 0x0000000703400000| Untracked 
|1038|0x0000000703800000, 0x0000000703800000, 0x0000000703c00000|  0%| F|  |TAMS 0x0000000703800000, 0x0000000703800000| Untracked 
|1039|0x0000000703c00000, 0x0000000703c00000, 0x0000000704000000|  0%| F|  |TAMS 0x0000000703c00000, 0x0000000703c00000| Untracked 
|1040|0x0000000704000000, 0x0000000704000000, 0x0000000704400000|  0%| F|  |TAMS 0x0000000704000000, 0x0000000704000000| Untracked 
|1041|0x0000000704400000, 0x0000000704400000, 0x0000000704800000|  0%| F|  |TAMS 0x0000000704400000, 0x0000000704400000| Untracked 
|1042|0x0000000704800000, 0x0000000704800000, 0x0000000704c00000|  0%| F|  |TAMS 0x0000000704800000, 0x0000000704800000| Untracked 
|1043|0x0000000704c00000, 0x0000000704c00000, 0x0000000705000000|  0%| F|  |TAMS 0x0000000704c00000, 0x0000000704c00000| Untracked 
|1044|0x0000000705000000, 0x0000000705000000, 0x0000000705400000|  0%| F|  |TAMS 0x0000000705000000, 0x0000000705000000| Untracked 
|1045|0x0000000705400000, 0x0000000705400000, 0x0000000705800000|  0%| F|  |TAMS 0x0000000705400000, 0x0000000705400000| Untracked 
|1046|0x0000000705800000, 0x0000000705800000, 0x0000000705c00000|  0%| F|  |TAMS 0x0000000705800000, 0x0000000705800000| Untracked 
|1047|0x0000000705c00000, 0x0000000705c00000, 0x0000000706000000|  0%| F|  |TAMS 0x0000000705c00000, 0x0000000705c00000| Untracked 
|1048|0x0000000706000000, 0x0000000706000000, 0x0000000706400000|  0%| F|  |TAMS 0x0000000706000000, 0x0000000706000000| Untracked 
|1049|0x0000000706400000, 0x0000000706400000, 0x0000000706800000|  0%| F|  |TAMS 0x0000000706400000, 0x0000000706400000| Untracked 
|1050|0x0000000706800000, 0x0000000706800000, 0x0000000706c00000|  0%| F|  |TAMS 0x0000000706800000, 0x0000000706800000| Untracked 
|1051|0x0000000706c00000, 0x0000000706c00000, 0x0000000707000000|  0%| F|  |TAMS 0x0000000706c00000, 0x0000000706c00000| Untracked 
|1052|0x0000000707000000, 0x0000000707000000, 0x0000000707400000|  0%| F|  |TAMS 0x0000000707000000, 0x0000000707000000| Untracked 
|1053|0x0000000707400000, 0x0000000707400000, 0x0000000707800000|  0%| F|  |TAMS 0x0000000707400000, 0x0000000707400000| Untracked 
|1054|0x0000000707800000, 0x0000000707800000, 0x0000000707c00000|  0%| F|  |TAMS 0x0000000707800000, 0x0000000707800000| Untracked 
|1055|0x0000000707c00000, 0x0000000707c00000, 0x0000000708000000|  0%| F|  |TAMS 0x0000000707c00000, 0x0000000707c00000| Untracked 
|1056|0x0000000708000000, 0x0000000708000000, 0x0000000708400000|  0%| F|  |TAMS 0x0000000708000000, 0x0000000708000000| Untracked 
|1057|0x0000000708400000, 0x0000000708400000, 0x0000000708800000|  0%| F|  |TAMS 0x0000000708400000, 0x0000000708400000| Untracked 
|1058|0x0000000708800000, 0x0000000708800000, 0x0000000708c00000|  0%| F|  |TAMS 0x0000000708800000, 0x0000000708800000| Untracked 
|1059|0x0000000708c00000, 0x0000000708c00000, 0x0000000709000000|  0%| F|  |TAMS 0x0000000708c00000, 0x0000000708c00000| Untracked 

Card table byte_map: [0x00000235faa60000,0x00000235fba60000] _byte_map_base: 0x00000235f7a60000

Marking Bits (Prev, Next): (CMBitMap*) 0x00000235f8f835f0, (CMBitMap*) 0x00000235f8f835b0
 Prev Bits: [0x00000235afaa0000, 0x00000235b7aa0000)
 Next Bits: [0x00000235a7aa0000, 0x00000235afaa0000)

Polling page: 0x00000235f70a0000

Metaspace:

Usage:
  Non-class:    218.93 MB used.
      Class:     32.81 MB used.
       Both:    251.74 MB used.

Virtual space:
  Non-class space:      256.00 MB reserved,     220.12 MB ( 86%) committed,  4 nodes.
      Class space:        1.00 GB reserved,      33.81 MB (  3%) committed,  1 nodes.
             Both:        1.25 GB reserved,     253.94 MB ( 20%) committed. 

Chunk freelists:
   Non-Class:  3.80 MB
       Class:  14.00 MB
        Both:  17.80 MB

MaxMetaspaceSize: 4.00 GB
CompressedClassSpaceSize: 1.00 GB
Initial GC threshold: 21.00 MB
Current GC threshold: 423.06 MB
CDS: on
MetaspaceReclaimPolicy: balanced
 - commit_granule_bytes: 65536.
 - commit_granule_words: 8192.
 - virtual_space_node_default_size: 8388608.
 - enlarge_chunks_in_place: 1.
 - new_chunks_are_fully_committed: 0.
 - uncommit_free_chunks: 1.
 - use_allocation_guard: 0.
 - handle_deallocations: 1.


Internal statistics:

num_allocs_failed_limit: 9.
num_arena_births: 3960.
num_arena_deaths: 182.
num_vsnodes_births: 5.
num_vsnodes_deaths: 0.
num_space_committed: 4058.
num_space_uncommitted: 0.
num_chunks_returned_to_freelist: 273.
num_chunks_taken_from_freelist: 15678.
num_chunk_merges: 103.
num_chunk_splits: 10038.
num_chunks_enlarged: 6136.
num_inconsistent_stats: 0.

CodeHeap 'non-profiled nmethods': size=258432Kb used=62835Kb max_used=62835Kb free=195596Kb
 bounds [0x0000023597e40000, 0x000002359bba0000, 0x00000235a7aa0000]
CodeHeap 'profiled nmethods': size=258368Kb used=102106Kb max_used=103233Kb free=156261Kb
 bounds [0x0000023587aa0000, 0x000002358dfa0000, 0x00000235976f0000]
CodeHeap 'non-nmethods': size=7488Kb used=4438Kb max_used=4577Kb free=3049Kb
 bounds [0x00000235976f0000, 0x0000023597b70000, 0x0000023597e40000]
 total_blobs=49059 nmethods=47732 adapters=1230
 compilation: enabled
              stopped_count=0, restarted_count=0
 full_count=0

Compilation events (20 events):
Event: 5777.480 Thread 0x000002366f47bb80 67581       4       com.android.tools.r8.internal.FI::a (7 bytes)
Event: 5777.480 Thread 0x00000235ffbeabc0 67572       4       com.android.tools.r8.internal.EX::a (52 bytes)
Event: 5777.482 Thread 0x00000236527c8af0 nmethod 67575 0x000002359bb8b290 code [0x000002359bb8b440, 0x000002359bb8b768]
Event: 5777.482 Thread 0x00000236527c8af0 67562       4       com.android.tools.r8.internal.Vu0$$Lambda$8082/0x0000023602f21420::accept (9 bytes)
Event: 5777.484 Thread 0x00000235ffbeabc0 nmethod 67572 0x000002359bb8bb10 code [0x000002359bb8bcc0, 0x000002359bb8bfd8]
Event: 5777.484 Thread 0x00000235ffbeabc0 67582       4       com.android.tools.r8.internal.vt0::c0 (97 bytes)
Event: 5777.487 Thread 0x000002366f47c620 67583       3       com.android.tools.r8.ir.optimize.M$$Lambda$8098/0x0000023602f25410::test (8 bytes)
Event: 5777.487 Thread 0x00000235ffbeabc0 nmethod 67582 0x000002359bb9b290 code [0x000002359bb9b440, 0x000002359bb9b668]
Event: 5777.487 Thread 0x00000235ffbfe510 67584       3       com.android.tools.r8.ir.optimize.M::a (129 bytes)
Event: 5777.487 Thread 0x000002366f47c620 nmethod 67583 0x000002358a308b90 code [0x000002358a308d60, 0x000002358a3092d8]
Event: 5777.487 Thread 0x00000235ffbeabc0 67563       4       com.android.tools.r8.internal.zt0$$Lambda$8081/0x0000023602f20fb0::apply (8 bytes)
Event: 5777.488 Thread 0x00000235ffbeabc0 nmethod 67563 0x000002359bb9b910 code [0x000002359bb9ba80, 0x000002359bb9bb38]
Event: 5777.488 Thread 0x00000236527c7060 nmethod 67474 0x000002359bb8c310 code [0x000002359bb8cb20, 0x000002359bb95fe0]
Event: 5777.488 Thread 0x00000235ffbeabc0 67568       4       com.android.tools.r8.internal.jD::a (14 bytes)
Event: 5777.489 Thread 0x00000235ffbfe510 nmethod 67584 0x000002358a759710 code [0x000002358a759a60, 0x000002358a75b3f8]
Event: 5777.490 Thread 0x00000236527c8af0 nmethod 67562 0x000002359bb9bc10 code [0x000002359bb9bde0, 0x000002359bb9c4a8]
Event: 5777.490 Thread 0x00000236527c7060 67571       4       com.android.tools.r8.internal.bn::forEach (16 bytes)
Event: 5777.490 Thread 0x00000236527c8af0 67550       4       com.android.tools.r8.ir.optimize.w::a (98 bytes)
Event: 5777.491 Thread 0x00000235ffbeabc0 nmethod 67568 0x000002359bb9c910 code [0x000002359bb9caa0, 0x000002359bb9cc18]
Event: 5777.491 Thread 0x00000235ffbeabc0 67549       4       com.android.tools.r8.internal.Q3::W0 (5 bytes)

GC Heap History (20 events):
Event: 1540.141 GC heap after
{Heap after GC invocations=131 (full 0):
 garbage-first heap   total 2240512K, used 530121K [0x0000000600000000, 0x0000000800000000)
  region size 4096K, 1 young (4096K), 1 survivors (4096K)
 Metaspace       used 254982K, committed 257024K, reserved 1310720K
  class space    used 33470K, committed 34432K, reserved 1048576K
}
Event: 1540.620 GC heap before
{Heap before GC invocations=131 (full 0):
 garbage-first heap   total 2240512K, used 1869513K [0x0000000600000000, 0x0000000800000000)
  region size 4096K, 328 young (1343488K), 1 survivors (4096K)
 Metaspace       used 254989K, committed 257024K, reserved 1310720K
  class space    used 33470K, committed 34432K, reserved 1048576K
}
Event: 1540.629 GC heap after
{Heap after GC invocations=132 (full 0):
 garbage-first heap   total 4341760K, used 530608K [0x0000000600000000, 0x0000000800000000)
  region size 4096K, 2 young (8192K), 2 survivors (8192K)
 Metaspace       used 254989K, committed 257024K, reserved 1310720K
  class space    used 33470K, committed 34432K, reserved 1048576K
}
Event: 1543.268 GC heap before
{Heap before GC invocations=133 (full 0):
 garbage-first heap   total 2936832K, used 2861232K [0x0000000600000000, 0x0000000800000000)
  region size 4096K, 572 young (2342912K), 2 survivors (8192K)
 Metaspace       used 255219K, committed 257280K, reserved 1310720K
  class space    used 33470K, committed 34432K, reserved 1048576K
}
Event: 1543.285 GC heap after
{Heap after GC invocations=134 (full 0):
 garbage-first heap   total 2936832K, used 551541K [0x0000000600000000, 0x0000000800000000)
  region size 4096K, 7 young (28672K), 7 survivors (28672K)
 Metaspace       used 255219K, committed 257280K, reserved 1310720K
  class space    used 33470K, committed 34432K, reserved 1048576K
}
Event: 1543.339 GC heap before
{Heap before GC invocations=134 (full 0):
 garbage-first heap   total 2936832K, used 666229K [0x0000000600000000, 0x0000000800000000)
  region size 4096K, 35 young (143360K), 7 survivors (28672K)
 Metaspace       used 255219K, committed 257280K, reserved 1310720K
  class space    used 33470K, committed 34432K, reserved 1048576K
}
Event: 1543.356 GC heap after
{Heap after GC invocations=135 (full 0):
 garbage-first heap   total 2936832K, used 526777K [0x0000000600000000, 0x0000000800000000)
  region size 4096K, 1 young (4096K), 1 survivors (4096K)
 Metaspace       used 255219K, committed 257280K, reserved 1310720K
  class space    used 33470K, committed 34432K, reserved 1048576K
}
Event: 1545.033 GC heap before
{Heap before GC invocations=135 (full 0):
 garbage-first heap   total 2936832K, used 1427897K [0x0000000600000000, 0x0000000800000000)
  region size 4096K, 223 young (913408K), 1 survivors (4096K)
 Metaspace       used 255300K, committed 257344K, reserved 1310720K
  class space    used 33472K, committed 34432K, reserved 1048576K
}
Event: 1545.038 GC heap after
{Heap after GC invocations=136 (full 0):
 garbage-first heap   total 2936832K, used 526769K [0x0000000600000000, 0x0000000800000000)
  region size 4096K, 1 young (4096K), 1 survivors (4096K)
 Metaspace       used 255300K, committed 257344K, reserved 1310720K
  class space    used 33472K, committed 34432K, reserved 1048576K
}
Event: 5766.363 GC heap before
{Heap before GC invocations=137 (full 0):
 garbage-first heap   total 2199552K, used 2165169K [0x0000000600000000, 0x0000000800000000)
  region size 4096K, 317 young (1298432K), 1 survivors (4096K)
 Metaspace       used 256657K, committed 258880K, reserved 1310720K
  class space    used 33590K, committed 34624K, reserved 1048576K
}
Event: 5766.423 GC heap after
{Heap after GC invocations=138 (full 0):
 garbage-first heap   total 2265088K, used 652809K [0x0000000600000000, 0x0000000800000000)
  region size 4096K, 22 young (90112K), 22 survivors (90112K)
 Metaspace       used 256657K, committed 258880K, reserved 1310720K
  class space    used 33590K, committed 34624K, reserved 1048576K
}
Event: 5766.442 GC heap before
{Heap before GC invocations=138 (full 0):
 garbage-first heap   total 2265088K, used 669193K [0x0000000600000000, 0x0000000800000000)
  region size 4096K, 27 young (110592K), 22 survivors (90112K)
 Metaspace       used 256659K, committed 258880K, reserved 1310720K
  class space    used 33590K, committed 34624K, reserved 1048576K
}
Event: 5766.550 GC heap after
{Heap after GC invocations=139 (full 0):
 garbage-first heap   total 2265088K, used 611429K [0x0000000600000000, 0x0000000800000000)
  region size 4096K, 2 young (8192K), 2 survivors (8192K)
 Metaspace       used 256659K, committed 258880K, reserved 1310720K
  class space    used 33590K, committed 34624K, reserved 1048576K
}
Event: 5775.179 GC heap before
{Heap before GC invocations=139 (full 0):
 garbage-first heap   total 2265088K, used 1901669K [0x0000000600000000, 0x0000000800000000)
  region size 4096K, 318 young (1302528K), 2 survivors (8192K)
 Metaspace       used 257616K, committed 259840K, reserved 1310720K
  class space    used 33597K, committed 34624K, reserved 1048576K
}
Event: 5775.266 GC heap after
{Heap after GC invocations=140 (full 0):
 garbage-first heap   total 2265088K, used 805204K [0x0000000600000000, 0x0000000800000000)
  region size 4096K, 40 young (163840K), 40 survivors (163840K)
 Metaspace       used 257616K, committed 259840K, reserved 1310720K
  class space    used 33597K, committed 34624K, reserved 1048576K
}
Event: 5776.800 GC heap before
{Heap before GC invocations=141 (full 0):
 garbage-first heap   total 2265088K, used 1718612K [0x0000000600000000, 0x0000000800000000)
  region size 4096K, 278 young (1138688K), 40 survivors (163840K)
 Metaspace       used 257730K, committed 259968K, reserved 1310720K
  class space    used 33597K, committed 34624K, reserved 1048576K
}
Event: 5776.865 GC heap after
{Heap after GC invocations=142 (full 0):
 garbage-first heap   total 2265088K, used 785302K [0x0000000600000000, 0x0000000800000000)
  region size 4096K, 14 young (57344K), 14 survivors (57344K)
 Metaspace       used 257730K, committed 259968K, reserved 1310720K
  class space    used 33597K, committed 34624K, reserved 1048576K
}
Event: 5776.880 GC heap before
{Heap before GC invocations=142 (full 0):
 garbage-first heap   total 2265088K, used 838550K [0x0000000600000000, 0x0000000800000000)
  region size 4096K, 27 young (110592K), 14 survivors (57344K)
 Metaspace       used 257730K, committed 259968K, reserved 1310720K
  class space    used 33597K, committed 34624K, reserved 1048576K
}
Event: 5776.915 GC heap after
{Heap after GC invocations=143 (full 0):
 garbage-first heap   total 2265088K, used 712123K [0x0000000600000000, 0x0000000800000000)
  region size 4096K, 3 young (12288K), 3 survivors (12288K)
 Metaspace       used 257730K, committed 259968K, reserved 1310720K
  class space    used 33597K, committed 34624K, reserved 1048576K
}
Event: 5777.492 GC heap before
{Heap before GC invocations=143 (full 0):
 garbage-first heap   total 2265088K, used 1785275K [0x0000000600000000, 0x0000000800000000)
  region size 4096K, 265 young (1085440K), 3 survivors (12288K)
 Metaspace       used 257786K, committed 260032K, reserved 1310720K
  class space    used 33597K, committed 34624K, reserved 1048576K
}

Dll operation events (17 events):
Event: 0.011 Loaded shared library F:\OC\DevTools\jdk-17\bin\java.dll
Event: 0.023 Loaded shared library F:\OC\DevTools\jdk-17\bin\jsvml.dll
Event: 0.059 Loaded shared library F:\OC\DevTools\jdk-17\bin\zip.dll
Event: 0.065 Loaded shared library F:\OC\DevTools\jdk-17\bin\instrument.dll
Event: 0.068 Loaded shared library F:\OC\DevTools\jdk-17\bin\net.dll
Event: 0.070 Loaded shared library F:\OC\DevTools\jdk-17\bin\nio.dll
Event: 0.071 Loaded shared library F:\OC\DevTools\jdk-17\bin\zip.dll
Event: 0.261 Loaded shared library F:\OC\DevTools\jdk-17\bin\jimage.dll
Event: 0.372 Loaded shared library F:\OC\DevTools\jdk-17\bin\verify.dll
Event: 0.485 Loaded shared library C:\Users\wyeeb\.gradle\native\1def1411415f61bf3af743bc5b6707747c0891f09f0c88961ee8f79bc544acac\windows-amd64\native-platform.dll
Event: 0.502 Loaded shared library C:\Users\wyeeb\.gradle\native\0.2.5\x86_64-windows-gnu\gradle-fileevents.dll
Event: 1.545 Loaded shared library F:\OC\DevTools\jdk-17\bin\management.dll
Event: 1.546 Loaded shared library F:\OC\DevTools\jdk-17\bin\management_ext.dll
Event: 1.721 Loaded shared library F:\OC\DevTools\jdk-17\bin\extnet.dll
Event: 1.862 Loaded shared library F:\OC\DevTools\jdk-17\bin\sunmscapi.dll
Event: 2.618 Loaded shared library C:\Users\wyeeb\AppData\Local\Temp\native-platform18255594596037635776dir\gradle-fileevents.dll
Event: 80.593 Loaded shared library F:\OC\DevTools\jdk-17\bin\awt.dll

Deoptimization events (20 events):
Event: 5777.385 Thread 0x0000023666b7d7d0 DEOPT PACKING pc=0x000002359abee118 sp=0x0000005d6fdfdda0
Event: 5777.385 Thread 0x0000023666b7d7d0 DEOPT UNPACKING pc=0x00000235977469a3 sp=0x0000005d6fdfdde0 mode 2
Event: 5777.390 Thread 0x0000023666b7d7d0 Uncommon trap: trap_request=0xffffffbe fr.pc=0x000002359abee118 relative=0x0000000000001e98
Event: 5777.390 Thread 0x0000023666b7d7d0 Uncommon trap: reason=profile_predicate action=maybe_recompile pc=0x000002359abee118 method=com.android.tools.r8.internal.k8.a(Ljava/util/function/Consumer;Ljava/util/function/Predicate;)Lcom/android/tools/r8/internal/l60; @ 52 c2
Event: 5777.390 Thread 0x0000023666b7d7d0 DEOPT PACKING pc=0x000002359abee118 sp=0x0000005d6fdfdda0
Event: 5777.390 Thread 0x0000023666b7d7d0 DEOPT UNPACKING pc=0x00000235977469a3 sp=0x0000005d6fdfdde0 mode 2
Event: 5777.392 Thread 0x0000023666b7d7d0 Uncommon trap: trap_request=0xffffffbe fr.pc=0x000002359abee118 relative=0x0000000000001e98
Event: 5777.392 Thread 0x0000023666b7d7d0 Uncommon trap: reason=profile_predicate action=maybe_recompile pc=0x000002359abee118 method=com.android.tools.r8.internal.k8.a(Ljava/util/function/Consumer;Ljava/util/function/Predicate;)Lcom/android/tools/r8/internal/l60; @ 52 c2
Event: 5777.392 Thread 0x0000023666b7d7d0 DEOPT PACKING pc=0x000002359abee118 sp=0x0000005d6fdfdda0
Event: 5777.392 Thread 0x0000023666b7d7d0 DEOPT UNPACKING pc=0x00000235977469a3 sp=0x0000005d6fdfdde0 mode 2
Event: 5777.393 Thread 0x0000023666b7d7d0 Uncommon trap: trap_request=0xffffffbe fr.pc=0x000002359abee118 relative=0x0000000000001e98
Event: 5777.393 Thread 0x0000023666b7d7d0 Uncommon trap: reason=profile_predicate action=maybe_recompile pc=0x000002359abee118 method=com.android.tools.r8.internal.k8.a(Ljava/util/function/Consumer;Ljava/util/function/Predicate;)Lcom/android/tools/r8/internal/l60; @ 52 c2
Event: 5777.393 Thread 0x0000023666b7d7d0 DEOPT PACKING pc=0x000002359abee118 sp=0x0000005d6fdfdda0
Event: 5777.393 Thread 0x0000023666b7d7d0 DEOPT UNPACKING pc=0x00000235977469a3 sp=0x0000005d6fdfdde0 mode 2
Event: 5777.435 Thread 0x00000236675695e0 DEOPT PACKING pc=0x000002358c54f047 sp=0x0000005d70bfeda0
Event: 5777.435 Thread 0x00000236675695e0 DEOPT UNPACKING pc=0x0000023597747143 sp=0x0000005d70bfe3b8 mode 0
Event: 5777.454 Thread 0x000002366756be60 DEOPT PACKING pc=0x000002358c54f047 sp=0x0000005d70cfeec0
Event: 5777.454 Thread 0x000002366756be60 DEOPT UNPACKING pc=0x0000023597747143 sp=0x0000005d70cfe4d8 mode 0
Event: 5777.471 Thread 0x00000236675686b0 DEOPT PACKING pc=0x000002358c550022 sp=0x0000005d712fe8b0
Event: 5777.471 Thread 0x00000236675686b0 DEOPT UNPACKING pc=0x0000023597747143 sp=0x0000005d712fded0 mode 0

Classes loaded (20 events):
Event: 113.947 Loading class java/util/concurrent/ForkJoinTask$AdaptedRunnableAction
Event: 113.947 Loading class java/util/concurrent/ForkJoinTask$AdaptedRunnableAction done
Event: 113.972 Loading class java/nio/BufferUnderflowException
Event: 113.972 Loading class java/nio/BufferUnderflowException done
Event: 114.261 Loading class java/util/concurrent/ConcurrentHashMap$EntrySpliterator
Event: 114.261 Loading class java/util/concurrent/ConcurrentHashMap$EntrySpliterator done
Event: 114.271 Loading class sun/nio/fs/WindowsSecurity$Privilege
Event: 114.271 Loading class sun/nio/fs/WindowsSecurity$Privilege done
Event: 114.430 Loading class java/util/Locale$1
Event: 114.430 Loading class java/util/Locale$1 done
Event: 114.436 Loading class java/util/concurrent/CompletableFuture$AsyncRun
Event: 114.436 Loading class java/util/concurrent/CompletableFuture$AsyncRun done
Event: 1488.863 Loading class jdk/internal/math/FormattedFloatingDecimal$Form
Event: 1488.876 Loading class jdk/internal/math/FormattedFloatingDecimal$Form done
Event: 1488.876 Loading class jdk/internal/math/FormattedFloatingDecimal
Event: 1488.876 Loading class jdk/internal/math/FormattedFloatingDecimal done
Event: 1488.876 Loading class jdk/internal/math/FormattedFloatingDecimal$1
Event: 1488.876 Loading class jdk/internal/math/FormattedFloatingDecimal$1 done
Event: 1488.876 Loading class jdk/internal/math/FormattedFloatingDecimal$2
Event: 1488.876 Loading class jdk/internal/math/FormattedFloatingDecimal$2 done

Classes unloaded (20 events):
Event: 112.836 Thread 0x00000235ffbe3410 Unloading class 0x0000023602634400 'java/lang/invoke/LambdaForm$DMH+0x0000023602634400'
Event: 1526.183 Thread 0x00000235ffbe3410 Unloading class 0x000002360309d800 'java/lang/invoke/LambdaForm$DMH+0x000002360309d800'
Event: 1526.183 Thread 0x00000235ffbe3410 Unloading class 0x000002360309d400 'java/lang/invoke/LambdaForm$DMH+0x000002360309d400'
Event: 1526.183 Thread 0x00000235ffbe3410 Unloading class 0x000002360309d000 'java/lang/invoke/LambdaForm$DMH+0x000002360309d000'
Event: 1526.183 Thread 0x00000235ffbe3410 Unloading class 0x000002360309cc00 'java/lang/invoke/LambdaForm$DMH+0x000002360309cc00'
Event: 1526.183 Thread 0x00000235ffbe3410 Unloading class 0x000002360309c400 'java/lang/invoke/LambdaForm$DMH+0x000002360309c400'
Event: 1526.183 Thread 0x00000235ffbe3410 Unloading class 0x000002360309c800 'java/lang/invoke/LambdaForm$DMH+0x000002360309c800'
Event: 1526.183 Thread 0x00000235ffbe3410 Unloading class 0x000002360305d800 'java/lang/invoke/LambdaForm$DMH+0x000002360305d800'
Event: 1526.183 Thread 0x00000235ffbe3410 Unloading class 0x000002360305d400 'java/lang/invoke/LambdaForm$DMH+0x000002360305d400'
Event: 1526.183 Thread 0x00000235ffbe3410 Unloading class 0x000002360305d000 'java/lang/invoke/LambdaForm$DMH+0x000002360305d000'
Event: 1526.183 Thread 0x00000235ffbe3410 Unloading class 0x000002360305c800 'java/lang/invoke/LambdaForm$DMH+0x000002360305c800'
Event: 1526.183 Thread 0x00000235ffbe3410 Unloading class 0x000002360305cc00 'java/lang/invoke/LambdaForm$DMH+0x000002360305cc00'
Event: 1526.183 Thread 0x00000235ffbe3410 Unloading class 0x0000023602ff8800 'java/lang/invoke/LambdaForm$DMH+0x0000023602ff8800'
Event: 1526.183 Thread 0x00000235ffbe3410 Unloading class 0x0000023602ff8000 'java/lang/invoke/LambdaForm$DMH+0x0000023602ff8000'
Event: 1526.183 Thread 0x00000235ffbe3410 Unloading class 0x0000023602fec400 'java/lang/invoke/LambdaForm$DMH+0x0000023602fec400'
Event: 1526.183 Thread 0x00000235ffbe3410 Unloading class 0x0000023602fa0000 'java/lang/invoke/LambdaForm$DMH+0x0000023602fa0000'
Event: 1526.183 Thread 0x00000235ffbe3410 Unloading class 0x0000023602f9dc00 'java/lang/invoke/LambdaForm$DMH+0x0000023602f9dc00'
Event: 1526.183 Thread 0x00000235ffbe3410 Unloading class 0x0000023602f9d800 'java/lang/invoke/LambdaForm$DMH+0x0000023602f9d800'
Event: 1526.183 Thread 0x00000235ffbe3410 Unloading class 0x0000023602f9d400 'java/lang/invoke/LambdaForm$DMH+0x0000023602f9d400'
Event: 1526.183 Thread 0x00000235ffbe3410 Unloading class 0x0000023602f9d000 'java/lang/invoke/LambdaForm$DMH+0x0000023602f9d000'

Classes redefined (0 events):
No events

Internal exceptions (20 events):
Event: 5767.231 Thread 0x00000236689e19b0 Exception <a 'sun/nio/fs/WindowsException'{0x0000000680ceb9d8}> (0x0000000680ceb9d8) 
thrown [s\src\hotspot\share\prims\jni.cpp, line 516]
Event: 5767.231 Thread 0x00000236689e19b0 Exception <a 'sun/nio/fs/WindowsException'{0x0000000680ceccb0}> (0x0000000680ceccb0) 
thrown [s\src\hotspot\share\prims\jni.cpp, line 516]
Event: 5767.232 Thread 0x00000236689e19b0 Exception <a 'sun/nio/fs/WindowsException'{0x0000000680cedec8}> (0x0000000680cedec8) 
thrown [s\src\hotspot\share\prims\jni.cpp, line 516]
Event: 5767.232 Thread 0x00000236689e19b0 Exception <a 'sun/nio/fs/WindowsException'{0x0000000680cef0a0}> (0x0000000680cef0a0) 
thrown [s\src\hotspot\share\prims\jni.cpp, line 516]
Event: 5767.232 Thread 0x00000236689e19b0 Exception <a 'sun/nio/fs/WindowsException'{0x0000000680cf0278}> (0x0000000680cf0278) 
thrown [s\src\hotspot\share\prims\jni.cpp, line 516]
Event: 5767.233 Thread 0x00000236689e19b0 Exception <a 'sun/nio/fs/WindowsException'{0x0000000680cf1538}> (0x0000000680cf1538) 
thrown [s\src\hotspot\share\prims\jni.cpp, line 516]
Event: 5767.241 Thread 0x0000023666b7d7d0 Exception <a 'sun/nio/fs/WindowsException'{0x0000000680d627e8}> (0x0000000680d627e8) 
thrown [s\src\hotspot\share\prims\jni.cpp, line 516]
Event: 5767.251 Thread 0x0000023666b7d7d0 Exception <a 'sun/nio/fs/WindowsException'{0x0000000680d74918}> (0x0000000680d74918) 
thrown [s\src\hotspot\share\prims\jni.cpp, line 516]
Event: 5767.251 Thread 0x0000023666b7d7d0 Exception <a 'sun/nio/fs/WindowsException'{0x0000000680d749e8}> (0x0000000680d749e8) 
thrown [s\src\hotspot\share\prims\jni.cpp, line 516]
Event: 5767.251 Thread 0x0000023666b7d7d0 Exception <a 'sun/nio/fs/WindowsException'{0x0000000680d74ab8}> (0x0000000680d74ab8) 
thrown [s\src\hotspot\share\prims\jni.cpp, line 516]
Event: 5767.251 Thread 0x0000023666b7d7d0 Exception <a 'sun/nio/fs/WindowsException'{0x0000000680d74b98}> (0x0000000680d74b98) 
thrown [s\src\hotspot\share\prims\jni.cpp, line 516]
Event: 5767.251 Thread 0x0000023666b7d7d0 Exception <a 'sun/nio/fs/WindowsException'{0x0000000680d74c78}> (0x0000000680d74c78) 
thrown [s\src\hotspot\share\prims\jni.cpp, line 516]
Event: 5767.251 Thread 0x0000023666b7d7d0 Exception <a 'sun/nio/fs/WindowsException'{0x0000000680d74dd0}> (0x0000000680d74dd0) 
thrown [s\src\hotspot\share\prims\jni.cpp, line 516]
Event: 5770.065 Thread 0x000002364b0811b0 Exception <a 'sun/nio/fs/WindowsException'{0x00000006856e8780}> (0x00000006856e8780) 
thrown [s\src\hotspot\share\prims\jni.cpp, line 516]
Event: 5770.066 Thread 0x000002364b0811b0 Exception <a 'sun/nio/fs/WindowsException'{0x00000006856e97c8}> (0x00000006856e97c8) 
thrown [s\src\hotspot\share\prims\jni.cpp, line 516]
Event: 5770.066 Thread 0x000002364b0811b0 Exception <a 'sun/nio/fs/WindowsException'{0x00000006856eb698}> (0x00000006856eb698) 
thrown [s\src\hotspot\share\prims\jni.cpp, line 516]
Event: 5770.066 Thread 0x000002364b0811b0 Exception <a 'sun/nio/fs/WindowsException'{0x00000006856ec6e0}> (0x00000006856ec6e0) 
thrown [s\src\hotspot\share\prims\jni.cpp, line 516]
Event: 5770.067 Thread 0x000002364b0811b0 Exception <a 'sun/nio/fs/WindowsException'{0x00000006856ee558}> (0x00000006856ee558) 
thrown [s\src\hotspot\share\prims\jni.cpp, line 516]
Event: 5770.067 Thread 0x000002364b0811b0 Exception <a 'sun/nio/fs/WindowsException'{0x00000006856ef590}> (0x00000006856ef590) 
thrown [s\src\hotspot\share\prims\jni.cpp, line 516]
Event: 5773.530 Thread 0x00000236708f5960 Exception <a 'java/io/FileNotFoundException'{0x000000065ef22018}> (0x000000065ef22018) 
thrown [s\src\hotspot\share\prims\jni.cpp, line 516]

VM Operations (20 events):
Event: 5774.783 Executing VM operation: HandshakeAllThreads done
Event: 5775.179 Executing VM operation: G1CollectForAllocation
Event: 5775.267 Executing VM operation: G1CollectForAllocation done
Event: 5775.491 Executing VM operation: G1PauseRemark
Event: 5775.508 Executing VM operation: G1PauseRemark done
Event: 5775.631 Executing VM operation: G1PauseCleanup
Event: 5775.631 Executing VM operation: G1PauseCleanup done
Event: 5776.636 Executing VM operation: Cleanup
Event: 5776.636 Executing VM operation: Cleanup done
Event: 5776.800 Executing VM operation: G1CollectForAllocation
Event: 5776.865 Executing VM operation: G1CollectForAllocation done
Event: 5776.879 Executing VM operation: G1CollectForAllocation
Event: 5776.915 Executing VM operation: G1CollectForAllocation done
Event: 5776.940 Executing VM operation: HandshakeAllThreads
Event: 5776.948 Executing VM operation: HandshakeAllThreads done
Event: 5777.115 Executing VM operation: HandshakeAllThreads
Event: 5777.116 Executing VM operation: HandshakeAllThreads done
Event: 5777.425 Executing VM operation: ICBufferFull
Event: 5777.426 Executing VM operation: ICBufferFull done
Event: 5777.492 Executing VM operation: G1CollectForAllocation

Memory protections (0 events):
No events

Nmethod flushes (20 events):
Event: 5777.205 Thread 0x00000235ffc12a30 flushing  nmethod 0x000002358af11e90
Event: 5777.205 Thread 0x00000235ffc12a30 flushing  nmethod 0x000002358af7b190
Event: 5777.205 Thread 0x00000235ffc12a30 flushing  nmethod 0x000002358af88a10
Event: 5777.206 Thread 0x00000235ffc12a30 flushing  nmethod 0x000002358afe7d10
Event: 5777.206 Thread 0x00000235ffc12a30 flushing  nmethod 0x000002358b02b590
Event: 5777.206 Thread 0x00000235ffc12a30 flushing  nmethod 0x000002358b0fd310
Event: 5777.208 Thread 0x00000235ffc12a30 flushing  nmethod 0x000002358b2e1010
Event: 5777.209 Thread 0x00000235ffc12a30 flushing  nmethod 0x000002358b3cd190
Event: 5777.209 Thread 0x00000235ffc12a30 flushing  nmethod 0x000002358b419410
Event: 5777.211 Thread 0x00000235ffc12a30 flushing  nmethod 0x000002358b5b1d10
Event: 5777.211 Thread 0x00000235ffc12a30 flushing  nmethod 0x000002358b632f90
Event: 5777.212 Thread 0x00000235ffc12a30 flushing  nmethod 0x000002358b7ddc10
Event: 5777.212 Thread 0x00000235ffc12a30 flushing  nmethod 0x000002358b7eea10
Event: 5777.212 Thread 0x00000235ffc12a30 flushing  nmethod 0x000002358b7f9290
Event: 5777.212 Thread 0x00000235ffc12a30 flushing  nmethod 0x000002358b7fb410
Event: 5777.212 Thread 0x00000235ffc12a30 flushing  nmethod 0x000002358b7fb790
Event: 5777.212 Thread 0x00000235ffc12a30 flushing  nmethod 0x000002358b7fc690
Event: 5777.238 Thread 0x00000235ffc12a30 flushing  nmethod 0x000002358d4faf90
Event: 5777.239 Thread 0x00000235ffc12a30 flushing  nmethod 0x000002358d6d1690
Event: 5777.241 Thread 0x00000235ffc12a30 flushing  nmethod 0x000002358d848f10

Events (20 events):
Event: 5773.357 Thread 0x00000235ffbfe510 Thread added: 0x0000023653366660
Event: 5774.015 Thread 0x0000023653366660 Thread exited: 0x0000023653366660
Event: 5774.429 Thread 0x0000023653365670 Thread exited: 0x0000023653365670
Event: 5774.429 Thread 0x00000236527c85a0 Thread exited: 0x00000236527c85a0
Event: 5774.784 Thread 0x00000235ffbeabc0 Thread added: 0x00000236527c8050
Event: 5774.798 Thread 0x00000236527c8050 Thread added: 0x0000023652de6740
Event: 5775.400 Thread 0x00000236527c8050 Thread exited: 0x00000236527c8050
Event: 5775.400 Thread 0x0000023652de6740 Thread exited: 0x0000023652de6740
Event: 5775.471 Thread 0x00000235ffbfe510 Thread added: 0x00000236527c8050
Event: 5775.472 Thread 0x00000236527c8050 Thread added: 0x0000023652de6740
Event: 5775.699 Thread 0x0000023652de6740 Thread exited: 0x0000023652de6740
Event: 5776.382 Thread 0x00000235ffbeabc0 Thread added: 0x0000023648c8a7d0
Event: 5776.646 Thread 0x00000235ffbfe510 Thread added: 0x00000236527c7060
Event: 5776.646 Thread 0x00000235ffbfe510 Thread added: 0x00000236527c8af0
Event: 5776.651 Thread 0x00000236527c8050 Thread added: 0x0000023652de6740
Event: 5776.656 Thread 0x00000236527c8050 Thread added: 0x000002366f47b630
Event: 5776.656 Thread 0x00000236527c8050 Thread added: 0x000002366f47a640
Event: 5776.656 Thread 0x00000236527c8050 Thread added: 0x000002366f47bb80
Event: 5777.167 Thread 0x00000236527c8050 Thread added: 0x000002366f47c620
Event: 5777.167 Thread 0x00000236527c8050 Thread added: 0x000002366f47c0d0


Dynamic libraries:
0x00007ff7093c0000 - 0x00007ff7093ce000 	F:\OC\DevTools\jdk-17\bin\java.exe
0x00007ffc4e680000 - 0x00007ffc4e8e7000 	C:\WINDOWS\SYSTEM32\ntdll.dll
0x00007ffc4d390000 - 0x00007ffc4d459000 	C:\WINDOWS\System32\KERNEL32.DLL
0x00007ffc4b190000 - 0x00007ffc4b587000 	C:\WINDOWS\System32\KERNELBASE.dll
0x00007ffc4b880000 - 0x00007ffc4b9cb000 	C:\WINDOWS\System32\ucrtbase.dll
0x00007ffc3b950000 - 0x00007ffc3b96e000 	F:\OC\DevTools\jdk-17\bin\VCRUNTIME140.dll
0x00007ffc29df0000 - 0x00007ffc29e07000 	F:\OC\DevTools\jdk-17\bin\jli.dll
0x00007ffc4d1c0000 - 0x00007ffc4d386000 	C:\WINDOWS\System32\USER32.dll
0x00007ffc2b5f0000 - 0x00007ffc2b882000 	C:\WINDOWS\WinSxS\amd64_microsoft.windows.common-controls_6595b64144ccf1df_6.0.26100.8457_none_3e0b2faee331e92d\COMCTL32.dll
0x00007ffc4b0b0000 - 0x00007ffc4b0d7000 	C:\WINDOWS\System32\win32u.dll
0x00007ffc4c6b0000 - 0x00007ffc4c759000 	C:\WINDOWS\System32\msvcrt.dll
0x00007ffc4e290000 - 0x00007ffc4e2bb000 	C:\WINDOWS\System32\GDI32.dll
0x00007ffc4ba60000 - 0x00007ffc4bb8c000 	C:\WINDOWS\System32\gdi32full.dll
0x00007ffc4b590000 - 0x00007ffc4b633000 	C:\WINDOWS\System32\msvcp_win.dll
0x00007ffc4c480000 - 0x00007ffc4c4b2000 	C:\WINDOWS\System32\IMM32.DLL
0x00007ffc463c0000 - 0x00007ffc463cc000 	F:\OC\DevTools\jdk-17\bin\vcruntime140_1.dll
0x00007ffc15660000 - 0x00007ffc156ed000 	F:\OC\DevTools\jdk-17\bin\msvcp140.dll
0x00007ffb2de70000 - 0x00007ffb2eadb000 	F:\OC\DevTools\jdk-17\bin\server\jvm.dll
0x00007ffc4c5f0000 - 0x00007ffc4c6a6000 	C:\WINDOWS\System32\ADVAPI32.dll
0x00007ffc4c830000 - 0x00007ffc4c8d7000 	C:\WINDOWS\System32\sechost.dll
0x00007ffc4d600000 - 0x00007ffc4d718000 	C:\WINDOWS\System32\RPCRT4.dll
0x00007ffc4e430000 - 0x00007ffc4e4b0000 	C:\WINDOWS\System32\WS2_32.dll
0x00007ffc4ad60000 - 0x00007ffc4adbe000 	C:\WINDOWS\SYSTEM32\POWRPROF.dll
0x00007ffc3ba30000 - 0x00007ffc3ba66000 	C:\WINDOWS\SYSTEM32\WINMM.dll
0x00007ffc42ae0000 - 0x00007ffc42aeb000 	C:\WINDOWS\SYSTEM32\VERSION.dll
0x00007ffc4ad40000 - 0x00007ffc4ad54000 	C:\WINDOWS\SYSTEM32\UMPDC.dll
0x00007ffc49e40000 - 0x00007ffc49e5b000 	C:\WINDOWS\SYSTEM32\kernel.appcore.dll
0x00007ffc293b0000 - 0x00007ffc293ba000 	F:\OC\DevTools\jdk-17\bin\jimage.dll
0x00007ffc48ed0000 - 0x00007ffc49112000 	C:\WINDOWS\SYSTEM32\DBGHELP.DLL
0x00007ffc4ce20000 - 0x00007ffc4d1a3000 	C:\WINDOWS\System32\combase.dll
0x00007ffc4d720000 - 0x00007ffc4d7f9000 	C:\WINDOWS\System32\OLEAUT32.dll
0x00007ffc31080000 - 0x00007ffc310bb000 	C:\WINDOWS\SYSTEM32\dbgcore.DLL
0x00007ffc4b0e0000 - 0x00007ffc4b188000 	C:\WINDOWS\System32\bcryptPrimitives.dll
0x00007ffc1e030000 - 0x00007ffc1e03e000 	F:\OC\DevTools\jdk-17\bin\instrument.dll
0x00007ffc20eb0000 - 0x00007ffc20ed5000 	F:\OC\DevTools\jdk-17\bin\java.dll
0x00007ffbe1e80000 - 0x00007ffbe1f57000 	F:\OC\DevTools\jdk-17\bin\jsvml.dll
0x00007ffc4db10000 - 0x00007ffc4e27e000 	C:\WINDOWS\System32\SHELL32.dll
0x00007ffc4bb90000 - 0x00007ffc4c3fc000 	C:\WINDOWS\System32\windows.storage.dll
0x00007ffc4c4c0000 - 0x00007ffc4c5b6000 	C:\WINDOWS\System32\SHCORE.dll
0x00007ffc4d890000 - 0x00007ffc4d8f6000 	C:\WINDOWS\System32\shlwapi.dll
0x00007ffc4afd0000 - 0x00007ffc4aff9000 	C:\WINDOWS\SYSTEM32\profapi.dll
0x00007ffc1d4c0000 - 0x00007ffc1d4d8000 	F:\OC\DevTools\jdk-17\bin\zip.dll
0x00007ffc20070000 - 0x00007ffc20089000 	F:\OC\DevTools\jdk-17\bin\net.dll
0x00007ffc434d0000 - 0x00007ffc435f9000 	C:\WINDOWS\SYSTEM32\WINHTTP.dll
0x00007ffc4a3b0000 - 0x00007ffc4a41c000 	C:\WINDOWS\system32\mswsock.dll
0x00007ffc1fff0000 - 0x00007ffc20006000 	F:\OC\DevTools\jdk-17\bin\nio.dll
0x00007ffc22710000 - 0x00007ffc22720000 	F:\OC\DevTools\jdk-17\bin\verify.dll
0x00007ffc15630000 - 0x00007ffc15657000 	C:\Users\wyeeb\.gradle\native\1def1411415f61bf3af743bc5b6707747c0891f09f0c88961ee8f79bc544acac\windows-amd64\native-platform.dll
0x0000000054330000 - 0x00000000543a3000 	C:\Users\wyeeb\.gradle\native\0.2.5\x86_64-windows-gnu\gradle-fileevents.dll
0x00007ffc20970000 - 0x00007ffc2097a000 	F:\OC\DevTools\jdk-17\bin\management.dll
0x00007ffc20600000 - 0x00007ffc2060b000 	F:\OC\DevTools\jdk-17\bin\management_ext.dll
0x00007ffc4c5e0000 - 0x00007ffc4c5e8000 	C:\WINDOWS\System32\PSAPI.DLL
0x00007ffc4a690000 - 0x00007ffc4a6ab000 	C:\WINDOWS\SYSTEM32\CRYPTSP.dll
0x00007ffc49da0000 - 0x00007ffc49dd9000 	C:\WINDOWS\system32\rsaenh.dll
0x00007ffc4a460000 - 0x00007ffc4a493000 	C:\WINDOWS\SYSTEM32\USERENV.dll
0x00007ffc4afa0000 - 0x00007ffc4afca000 	C:\WINDOWS\SYSTEM32\bcrypt.dll
0x00007ffc4a6b0000 - 0x00007ffc4a6bc000 	C:\WINDOWS\SYSTEM32\CRYPTBASE.dll
0x00007ffc49850000 - 0x00007ffc49882000 	C:\WINDOWS\SYSTEM32\IPHLPAPI.DLL
0x00007ffc4c760000 - 0x00007ffc4c76a000 	C:\WINDOWS\System32\NSI.dll
0x00007ffc43880000 - 0x00007ffc4389d000 	C:\WINDOWS\SYSTEM32\dhcpcsvc6.DLL
0x00007ffc42e60000 - 0x00007ffc42e85000 	C:\WINDOWS\SYSTEM32\dhcpcsvc.DLL
0x00007ffc49890000 - 0x00007ffc499c2000 	C:\WINDOWS\SYSTEM32\DNSAPI.dll
0x00007ffc1e510000 - 0x00007ffc1e519000 	F:\OC\DevTools\jdk-17\bin\extnet.dll
0x00007ffc1d4b0000 - 0x00007ffc1d4be000 	F:\OC\DevTools\jdk-17\bin\sunmscapi.dll
0x00007ffc4b700000 - 0x00007ffc4b878000 	C:\WINDOWS\System32\CRYPT32.dll
0x00007ffc4a8b0000 - 0x00007ffc4a8e0000 	C:\WINDOWS\SYSTEM32\ncrypt.dll
0x00007ffc4a860000 - 0x00007ffc4a89f000 	C:\WINDOWS\SYSTEM32\NTASN1.dll
0x00007ffc25610000 - 0x00007ffc25618000 	C:\WINDOWS\system32\wshunix.dll
0x00000000542b0000 - 0x0000000054323000 	C:\Users\wyeeb\AppData\Local\Temp\native-platform18255594596037635776dir\gradle-fileevents.dll
0x00007ffc23bf0000 - 0x00007ffc23c08000 	C:\WINDOWS\system32\napinsp.dll
0x00007ffc243a0000 - 0x00007ffc243b3000 	C:\WINDOWS\System32\winrnr.dll
0x00007ffc243c0000 - 0x00007ffc243e2000 	C:\WINDOWS\system32\nlansp_c.dll
0x00007ffc44740000 - 0x00007ffc44756000 	C:\WINDOWS\system32\wshbth.dll
0x00007ffc44730000 - 0x00007ffc4473b000 	C:\Windows\System32\rasadhlp.dll
0x00007ffc42310000 - 0x00007ffc42396000 	C:\WINDOWS\System32\fwpuclnt.dll
0x00007ffc49f60000 - 0x00007ffc49f96000 	C:\WINDOWS\SYSTEM32\ntmarta.dll
0x00007ffb30d60000 - 0x00007ffb30ef0000 	F:\OC\DevTools\jdk-17\bin\awt.dll
0x00007ffc47b00000 - 0x00007ffc47ba0000 	C:\WINDOWS\SYSTEM32\apphelp.dll
0x00007ffc47cb0000 - 0x00007ffc47d5a000 	C:\WINDOWS\system32\uxtheme.dll
0x0000000180000000 - 0x0000000180266000 	E:\RivaTuner Statistics Server\RTSSHooks64.dll
0x00007ffc4c930000 - 0x00007ffc4cdb7000 	C:\WINDOWS\System32\SETUPAPI.dll
0x00007ffc4e2c0000 - 0x00007ffc4e41c000 	C:\WINDOWS\System32\MSCTF.dll
0x00007ffc4d460000 - 0x00007ffc4d5f7000 	C:\WINDOWS\System32\ole32.dll

dbghelp: loaded successfully - version: 4.0.5 - missing functions: none
symbol engine: initialized successfully - sym options: 0x614 - pdb path: .;F:\OC\DevTools\jdk-17\bin;C:\WINDOWS\SYSTEM32;C:\WINDOWS\WinSxS\amd64_microsoft.windows.common-controls_6595b64144ccf1df_6.0.26100.8457_none_3e0b2faee331e92d;F:\OC\DevTools\jdk-17\bin\server;C:\Users\wyeeb\.gradle\native\1def1411415f61bf3af743bc5b6707747c0891f09f0c88961ee8f79bc544acac\windows-amd64;C:\Users\wyeeb\.gradle\native\0.2.5\x86_64-windows-gnu;C:\Users\wyeeb\AppData\Local\Temp\native-platform18255594596037635776dir;E:\RivaTuner Statistics Server

VM Arguments:
jvm_args: --add-opens=java.base/java.lang=ALL-UNNAMED --add-opens=java.base/java.lang.invoke=ALL-UNNAMED --add-opens=java.base/java.util=ALL-UNNAMED --add-opens=java.prefs/java.util.prefs=ALL-UNNAMED --add-exports=jdk.compiler/com.sun.tools.javac.api=ALL-UNNAMED --add-exports=jdk.compiler/com.sun.tools.javac.util=ALL-UNNAMED --add-opens=java.base/java.util=ALL-UNNAMED --add-opens=java.prefs/java.util.prefs=ALL-UNNAMED --add-opens=java.base/java.nio.charset=ALL-UNNAMED --add-opens=java.base/java.net=ALL-UNNAMED --add-opens=java.base/java.util.concurrent.atomic=ALL-UNNAMED --add-opens=java.xml/javax.xml.namespace=ALL-UNNAMED -XX:MaxMetaspaceSize=4G -XX:ReservedCodeCacheSize=512m -XX:+HeapDumpOnOutOfMemoryError -Xmx8G -Dfile.encoding=windows-1252 -Duser.country=US -Duser.language=en -Duser.variant -javaagent:C:\Users\wyeeb\.gradle\wrapper\dists\gradle-8.12-all\ejduaidbjup3bmmkhw3rie4zb\gradle-8.12\lib\agents\gradle-instrumentation-agent-8.12.jar 
java_command: org.gradle.launcher.daemon.bootstrap.GradleDaemon 8.12
java_class_path (initial): C:\Users\wyeeb\.gradle\wrapper\dists\gradle-8.12-all\ejduaidbjup3bmmkhw3rie4zb\gradle-8.12\lib\gradle-daemon-main-8.12.jar
Launcher Type: SUN_STANDARD

[Global flags]
     intx CICompilerCount                          = 12                                        {product} {ergonomic}
     uint ConcGCThreads                            = 3                                         {product} {ergonomic}
     uint G1ConcRefinementThreads                  = 13                                        {product} {ergonomic}
   size_t G1HeapRegionSize                         = 4194304                                   {product} {ergonomic}
    uintx GCDrainStackTargetSize                   = 64                                        {product} {ergonomic}
     bool HeapDumpOnOutOfMemoryError               = true                                   {manageable} {command line}
   size_t InitialHeapSize                          = 536870912                                 {product} {ergonomic}
   size_t MarkStackSize                            = 4194304                                   {product} {ergonomic}
   size_t MaxHeapSize                              = 8589934592                                {product} {command line}
   size_t MaxMetaspaceSize                         = 4294967296                                {product} {command line}
   size_t MaxNewSize                               = 5150605312                                {product} {ergonomic}
   size_t MinHeapDeltaBytes                        = 4194304                                   {product} {ergonomic}
   size_t MinHeapSize                              = 8388608                                   {product} {ergonomic}
    uintx NonNMethodCodeHeapSize                   = 7602480                                {pd product} {ergonomic}
    uintx NonProfiledCodeHeapSize                  = 264634216                              {pd product} {ergonomic}
    uintx ProfiledCodeHeapSize                     = 264634216                              {pd product} {ergonomic}
    uintx ReservedCodeCacheSize                    = 536870912                              {pd product} {command line}
     bool SegmentedCodeCache                       = true                                      {product} {ergonomic}
   size_t SoftMaxHeapSize                          = 8589934592                             {manageable} {ergonomic}
   double SweeperThreshold                         = 0.234375                                  {product} {ergonomic}
     bool UseCompressedClassPointers               = true                           {product lp64_product} {ergonomic}
     bool UseCompressedOops                        = true                           {product lp64_product} {ergonomic}
     bool UseG1GC                                  = true                                      {product} {ergonomic}
     bool UseLargePagesIndividualAllocation        = false                                  {pd product} {ergonomic}

Logging:
Log output configuration:
 #0: stdout all=warning uptime,level,tags
 #1: stderr all=off uptime,level,tags

Environment Variables:
JAVA_HOME=F:/OC/DevTools/jdk-17
CLASSPATH=F:\OC\SteamAchievementsAPK\android\\gradle\wrapper\gradle-wrapper.jar
PATH=F:/OC/DevTools/jdk-17\bin;F;C:\Program Files\Git\OC\DevTools\jdk-17\bin;C:\Program Files\Git\mingw64\bin;C:\Program Files\Git\usr\bin;C:\Users\wyeeb\bin;C:\Users\wyeeb\bin;C:\Program Files\Git\mingw64\bin;C:\Program Files\Git\usr\local\bin;C:\Program Files\Git\usr\bin;C:\Program Files\Git\usr\bin;C:\Program Files\Git\mingw64\bin;C:\Program Files\Git\usr\bin;C:\Users\wyeeb\bin;E:\Meta Horizon\Support\oculus-runtime;E:\ImageMagick-7.1.2-Q16-HDRI;C:\WINDOWS\system32;C:\WINDOWS;C:\WINDOWS\System32\Wbem;C:\WINDOWS\System32\WindowsPowerShell\v1.0;C:\WINDOWS\System32\OpenSSH;C:\Program Files\NVIDIA Corporation\NVIDIA App\NvDLISR;C:\Program Files (x86)\NVIDIA Corporation\PhysX\Common;C:\Program Files\dotnet;E:\Sunshine;E:\Sunshine\tools;E:\Apollo;E:\Apollo\tools;C:\Program Files\Cloudflare\Cloudflare WARP;E:\nodejs;C:\Program Files\Git\cmd;C:\WINDOWS\system32;C:\WINDOWS;C:\WINDOWS\System32\Wbem;C:\WINDOWS\System32\WindowsPowerShell\v1.0;C:\WINDOWS\System32\OpenSSH;C:\Program Files\NVIDIA Corporation\NVIDIA App\NvDLISR;C:\Program Files (x86)\NVIDIA Corporation\PhysX\Common;C:\Program Files\dotnet;C:\Users\wyeeb\AppData\Local\Microsoft\WindowsApps;E:\steam\ext\bin;C:\Users\wyeeb\AppData\Local\Programs\garyttierney\me3\bin;E:\SoundSwitch;C:\Users\wyeeb\AppData\Local\Microsoft\WindowsApps;C:\Users\wyeeb\AppData\Roaming\npm;C:\Users\wyeeb\AppData\Local\Programs\Ollama;C:\Users\wyeeb\AppData\Local\Python\bin;C:\Program Files\Git\usr\bin\vendor_perl;C:\Program Files\Git\usr\bin\core_perl;F:\OC\DevTools\flutter\bin\mingit\cmd
USERNAME=Yecgaa01
SHELL=C:\Program Files\Git\bin\bash.exe
DISPLAY=needs-to-be-defined
LC_CTYPE=en_US.UTF-8
TERM=xterm
TMPDIR=C:\Users\wyeeb\AppData\Local\Temp
OS=Windows_NT
PROCESSOR_IDENTIFIER=AMD64 Family 25 Model 33 Stepping 2, AuthenticAMD
TMP=C:\Users\wyeeb\AppData\Local\Temp
TEMP=C:\Users\wyeeb\AppData\Local\Temp



Periodic native trim disabled


---------------  S Y S T E M  ---------------

OS:
 Windows 11 , 64 bit Build 26100 (10.0.26100.8328)
OS uptime: 0 days 5:41 hours

CPU: total 16 (initial active 16) (16 cores per cpu, 2 threads per core) family 25 model 33 stepping 2 microcode 0xa20120e, cx8, cmov, fxsr, ht, mmx, 3dnowpref, sse, sse2, sse3, ssse3, sse4a, sse4.1, sse4.2, popcnt, lzcnt, tsc, tscinvbit, avx, avx2, aes, erms, clmul, bmi1, bmi2, adx, sha, fma, vzeroupper, clflush, clflushopt
Processor Information for all 16 processors :
  Max Mhz: 3001, Current Mhz: 3001, Mhz Limit: 3001

Memory: 4k page, system-wide physical 32679M (7841M free)
TotalPageFile size 44839M (AvailPageFile size 22M)
current process WorkingSet (physical memory assigned to process): 2724M, peak: 4861M
current process commit charge ("private bytes"): 5253M, peak: 5617M

vm_info: OpenJDK 64-Bit Server VM (17.0.15+6) for windows-amd64 JRE (17.0.15+6), built on Apr 15 2025 21:25:47 by "admin" with MS VC++ 17.7 (VS2022)

END.
